WDPAID,NAME,IUCN_CAT,GIS_AREA,ISO3,latitude,longitude
31308,"Horseshoe Reef",IV,37.55,VGB,18.67562,-64.27511
555556766,"Bikini",IB,2022.03,MHL,11.60412,165.38398
555583308,"Ailinginae",IB,1022.25,MHL,11.15060,166.40902
555583340,"Mili Atoll",IB,96.71,MHL,6.21964,171.94429
555576579,"South Ari Marine Protected Area",IV,51.40,MDV,3.55392,72.81490
555697572,"Ha.Bileidhoo Thila Sarahahdhu",IV,43.35,MDV,7.08291,72.82798
555624907,"Marine Protected Area (Rakahanga/ Manihiki)",IV,37689.84,COK,-10.22934,-161.02840
555546263,"Żona fil-Baħar fl-inħawi ta\' Għar Lapsi u ta\' Filfla",IV,26.31,MLT,35.79882,14.42657
555546266,"Żona fil-Baħar bejn Il-Ponta ta’ San Dimitri (Għawdex) u Il-Qaliet",IV,158.92,MLT,36.00932,14.34958
555589821,"Żona fil-Baħar fit-Tramuntana",IV,319.24,MLT,36.21988,14.26016
555589822,"Żona fil-Baħar fl-inħawi tal-Graben tat-Tramuntana ta’ Għawdex",IV,390.28,MLT,36.17530,14.18594
555589823,"Żona fil-Baħar fil-Grigal",IV,351.93,MLT,36.05988,14.62016
555589824,"Żona fil-Baħar fil-Lvant",IV,625.59,MLT,35.83988,14.76016
555589825,"Żona fil-Baħar fix-Xlokk",IV,219.33,MLT,35.49988,14.70016
555589826,"Żona fil-Baħar fin-Nofsinhar",IV,835.46,MLT,35.55988,14.30015
555589827,"Żona fil-Baħar fl-inħawi tal-Graben ta’ Medina",IV,912.58,MLT,35.55988,14.26230
555589828,"Żona fil-Baħar fil-Lbiċ",IV,256.31,MLT,35.83992,14.44016
555589829,"Żona fil-Baħar madwar Għawdex",IV,556.82,MLT,36.03990,14.28016
555589831,"Żona fil-Baħar fil-Punent",IV,465.25,MLT,35.90868,14.12318
555589832,"Żona fil-Baħar fil-Majjistral",IV,55.93,MLT,36.13988,13.74016
555634474,"Żona fil-Baħar fl-inħawi tal-Majjistral tal-Graben ta’ Malta",IV,107.26,MLT,36.21106,13.83166
555634475,"Żona fil-Baħar fl-inħawi tal-Punent tal-Graben ta’ Malta",IV,201.39,MLT,35.85712,13.91127
555625668,"Vedat de caça de Ransol",IV,28.11,AND,42.60298,1.65479
145500,"Ngaremeduu Bay Conservation Area",IA,119.46,PLW,7.52239,134.45136
555645473,"Helen Reef Conservation Area",II,106.41,PLW,2.90245,131.76853
555645484,"Koror Southern Lagoon",IV,796.77,PLW,7.26008,134.37421
555646866,"Ngaremeduu Bay Network",IA,127.84,PLW,7.52239,134.45136
2200,"Castries and Dennery Waterworks Reserve and Marquis",II,91.93,LCA,13.91654,-60.96320
555637363,"Langness MNR",IV,88.74,IMN,54.05278,-4.53144
555637368,"Ramsey Bay MNR",IV,97.00,IMN,54.38159,-4.32844
555637370,"West Coast MNR",IV,184.83,IMN,54.31516,-4.57357
313505,"Central Catchment Nature Reserve",IB,30.43,SGP,1.37723,103.80559
2236,"Morne Trois Pitons",II,66.94,DMA,15.32389,-61.31038
31306,"Morne Diablotin",II,33.36,DMA,15.52013,-61.40564
9154,"Poudre d'Or Fishing Reserve",IV,28.13,MUS,-20.07111,57.70733
39872,"Black River Gorges",II,56.21,MUS,-20.43026,57.45909
62786,"Hauts De Saint-Philippe",IA,38.19,REU,-21.31315,55.73255
142723,"Bebour",IV,45.74,REU,-21.10735,55.53160
388663,"Marine De La Réunion",IV,35.49,REU,-21.14885,55.27460
388669,"Réunion",II,1055.44,REU,-21.12585,55.57860
555783589,"Reserva Natural Tartaruga",IA,177.04,CPV,16.01304,-22.71264
555624339,"El Muzawqa",IV,28.33,PSE,32.25951,35.53018
555624344,"Qarn Sartaba",IV,31.19,PSE,32.09378,35.45248
555624357,"Wadi el Qilt",IV,28.64,PSE,31.84564,35.34584
555624364,"El Kanub",IV,29.01,PSE,31.57054,35.22848
555757281,"Central Ghor",II,54.52,PSE,32.01038,35.50125
555757282,"Dead Sea coast",IV,235.08,PSE,31.59795,35.36044
555757283,"Jerusalem Wilderness",IB,52.84,PSE,31.73545,35.36742
337453,"Vallée de la Tretterbaach et affluents de la frontière à Asselborn",IV,31.49,LUX,50.08575,5.93380
337454,"Vallée supérieure de l’Our et affluents",IV,43.27,LUX,50.04846,6.12006
337455,"Vallée supérieure de la Sûre et affluents de la frontière belge à Esch-sur-Sûre",IV,46.33,LUX,49.88167,5.85030
337476,"Vallée de l'Our de Ouren a Wallendorf Pont",IV,57.53,LUX,50.00610,6.17591
337480,"Vallées de la Sûre  de la Wiltz  de la Clerve et du Lellgerbaach",IV,44.89,LUX,49.92849,6.03208
337481,"Vallée supérieure de la Sûre / Lac du barrage",IV,47.56,LUX,49.88167,5.85030
337484,"Vallée de l'Ernz noire / Beaufort / Berdorf",IV,43.62,LUX,49.79588,6.32938
337490,"Vallée de la Mamer et de l'Eisch",IV,67.99,LUX,49.68764,5.99316
337493,"Grunewald",IV,32.77,LUX,49.65972,6.18730
555589332,"Région du Kiischpelt",IV,63.10,LUX,49.95646,6.02811
555589333,"Vallées de l'Attert  de la Pall  de la Schwébech  de l'Aeschbech et de la Wëllerbaach",IV,57.28,LUX,49.75092,5.95457
555589334,"Région de Junglinster",IV,30.74,LUX,49.70181,6.28867
555589335,"Région de Mompach  Manternach  Bech et Osweiler",IV,51.71,LUX,49.74444,6.42007
555589336,"Région du Lias moyen",IV,57.98,LUX,49.58329,5.98862
555774650,"Gréngewald",II,35.29,LUX,49.66833,6.19007
3851,"Ladan Hills (Productive Production)",IA,72.08,BRN,4.53003,114.77155
18041,"Tasek Merimbun",II,151.80,BRN,4.54923,114.68139
31701,"Ulu Temburong",II,495.59,BRN,4.43318,115.21996
32948,"Labi Hills (Sungai Ingei Conservation)",IA,184.56,BRN,4.17018,114.75256
32950,"Ulu Mendaram (Conservation)",IA,60.40,BRN,4.29487,114.35925
39637,"Ladan Hills (Bentuan Catchment Protection)",IA,31.33,BRN,4.62154,114.78252
39638,"Ladan Hills (Bukit Bedwan Protection)",IA,80.76,BRN,4.41216,114.84269
39641,"Labi Hills (Bukit Teraja Protection)",IA,72.27,BRN,4.27771,114.46344
31506,"Punta Yegüas Natural Reserve",IV,263.69,PRI,17.93842,-65.75019
88885,"Vieques National Wildlife Refuge",IV,70.82,PRI,18.12165,-65.42253
555586207,"El Toro",IB,42.40,PRI,18.29037,-65.81180
555656181,"Vieques",IV,70.82,PRI,18.12165,-65.42253
555576134,"Al Shouf Cedars Nature Reserve",IB,95.99,LBN,33.63254,35.70202
555790818,"Ain Dara- Ain Zhalta- Barouk- Maaser El Chouf",IV,37.55,LBN,33.71516,35.73677
13676,"Negril Marine Park",II,185.40,JAM,18.30054,-78.31333
28856,"Blue and John Crow Mountains National Park",II,412.95,JAM,18.07382,-76.54764
555744899,"The Fairy Hill - Port Antonio  Portland  Game Sanctuary",IV,35.90,JAM,18.16659,-76.43274
555744902,"Kingston and St. Andrew Game Reserve",IV,142.05,JAM,18.01330,-76.77831
555744910,"The Black River Lower Morass  Game Reserve  St. Elizabeth",IV,77.14,JAM,18.04167,-77.80077
555744911,"The Great Morass  Holland Bay  St. Thomas  Game Sanctuary",IV,29.43,JAM,17.90431,-76.25212
555744914,"The Upper Morass  Black River  St. Elizabeth  Game Sanctuary",IV,31.50,JAM,18.09892,-77.70740
555744915,"West Harbour-Peake Bay  Clarendon  Game Sanctuary",IV,29.96,JAM,17.78564,-77.17475
555744918,"Great Morass  Negril  Westmoreland and Hanover Game Sanctuary",IV,43.63,JAM,18.32516,-78.31962
2289,"Kiang West",II,228.88,GMB,13.39922,-15.94010
2290,"Niumi",II,47.25,GMB,13.54192,-16.51529
555547524,"Tanbi",II,75.59,GMB,13.42476,-16.62531
555703735,"Jokadu",II,205.73,GMB,13.46553,-16.13000
1051,"Nacionalni park Durmitor",II,325.18,MNE,43.13783,19.18908
1059,"Nacionalni park Biogradska gora",II,59.36,MNE,42.89256,19.63865
2519,"Nacionalni park Lovćen",II,62.69,MNE,42.37039,18.85370
16385,"Nacionalni park Skadarsko jezero",II,424.42,MNE,42.22429,19.21198
555560009,"Nacionalni park Prokletije",II,158.71,MNE,42.54028,19.91607
555634461,"Spomenik prirode Kanjon Cijevne",III,28.50,MNE,42.41593,19.42712
555737603,"Park prirode Katič",IV,27.46,MNE,42.17181,18.96408
555592580,"Blue Holes National Park",II,134.50,BHS,24.78626,-77.92270
7444,"Hlane Royal National Park",II,217.32,SWZ,-26.25896,31.87209
7445,"Malalotja Nature Reserve",II,162.92,SWZ,-26.09388,31.08244
7446,"Mlilwane Wildlife Sanctuary",II,45.83,SWZ,-26.43610,31.15863
7451,"Mlawula Nature Reserve",II,161.48,SWZ,-26.24750,32.02090
555566984,"Mkhaya Game Reserve",II,100.49,SWZ,-26.61642,31.73448
4206,"Montagne des Sources",IA,54.81,NCL,-22.13146,166.55464
4208,"Mont Panié",IV,55.63,NCL,-20.60093,164.78022
4219,"Reserve Speciale de Faune de la Haute Yate",IV,71.13,NCL,-22.13950,166.69541
6945,"Aoupiné Fauna Reserve",IV,54.74,NCL,-21.17518,165.29831
7374,"Parc Territorial de la Riviere Bleue",II,87.86,NCL,-22.10853,166.61707
555577561,"Atolls d'Entrecasteaux",II,3504.58,NCL,-18.23786,163.05380
555592569,"Les Lacs du Grand Sud Neo-Calédonien",II,439.74,NCL,-22.15589,166.77219
555577570,"Haramous",IV,25.98,DJI,11.53333,43.20667
2517,"Triglavski narodni park",II,839.84,SVN,46.33607,13.80158
2213,"Halfmoon Caye",II,39.50,BLZ,17.20836,-87.53371
10579,"Cockscomb Basin",IV,494.87,BLZ,16.68857,-88.63938
12241,"Bladen",IA,404.85,BLZ,16.51061,-88.89421
12243,"Hol Chan",II,254.60,BLZ,17.96691,-88.06057
19553,"Bermudian Landing Community Baboon Sanctuary",IV,52.54,BLZ,17.55702,-88.54163
20224,"Rio Bravo Conservation & Management Area",IV,1047.72,BLZ,17.65019,-88.90140
20226,"Shipstern Nature Reserve",II,76.78,BLZ,18.27212,-88.16129
20230,"Chiquibul",II,1067.55,BLZ,16.72648,-88.92645
34314,"Laughing Bird Caye",II,40.97,BLZ,16.46353,-88.19556
61956,"Temash-Sarstoon",II,169.58,BLZ,15.96792,-89.00176
61957,"Aguas Turbias",II,36.09,BLZ,17.83641,-89.13874
61958,"Paynes Creek",II,160.65,BLZ,16.32905,-88.58499
99651,"Bacalar Chico",IV,31.70,BLZ,18.13341,-87.89667
99652,"South Water Caye",IV,338.13,BLZ,16.70455,-88.14851
99653,"Glover's Reef",IV,207.25,BLZ,16.85068,-87.76874
99656,"Sapodilla Cayes",IV,207.49,BLZ,16.11215,-88.37211
166863,"Crooked Tree",IV,147.65,BLZ,17.79209,-88.49960
220039,"Gladden Spit and Silk Cayes",IV,88.96,BLZ,16.50101,-88.00399
220100,"Port Honduras",IV,388.47,BLZ,16.25171,-88.62457
301909,"Corozal Bay",IV,735.76,BLZ,18.22739,-88.16591
301911,"Gales Point",IV,36.82,BLZ,17.22711,-88.34138
301912,"Honey Camp",II,31.46,BLZ,18.09951,-88.40972
301916,"Tapir Mountain",II,25.52,BLZ,17.13188,-88.88670
301932,"Nojkaaxmeen Eligio Panti",II,51.58,BLZ,17.04536,-88.99132
301934,"Mayflower Bocawina",II,28.84,BLZ,16.93017,-88.38699
301941,"Golden Stream Corridor Preserve",IV,61.25,BLZ,16.33014,-88.76381
313431,"Swallow Caye",IV,36.36,BLZ,17.49640,-88.11968
342393,"Peccary Hills",II,43.49,BLZ,17.34711,-88.39167
342394,"Runaway Creek",IV,28.83,BLZ,17.32510,-88.45648
342396,"Tide",IV,37.35,BLZ,16.27189,-88.69464
555542666,"Labouring Creek Jaguar Corridor",IV,37.95,BLZ,17.43520,-88.66191
555624213,"Port Honduras",IV,403.92,BLZ,16.25171,-88.62457
555624214,"Glover's Reef",IV,326.76,BLZ,16.81921,-87.78539
555624215,"Hol Chan",II,55.34,BLZ,17.86084,-88.02789
862,"Akagera",II,1020.15,RWA,-1.65297,30.69011
863,"Volcans",II,162.52,RWA,-1.46378,29.53830
9148,"Nyungwe",IV,1018.62,RWA,-2.55525,29.21062
555705569,"Gishwati-Mukura",IV,32.04,RWA,-1.91369,29.44366
1050,"Mavrovo",II,735.21,MKD,41.68392,20.67490
2516,"Galichica",II,241.81,MKD,41.00073,20.86240
15603,"Markovi Kuli",III,36.52,MKD,41.40153,21.54032
16437,"Ohridsko Ezero",III,247.37,MKD,41.04332,20.72145
16438,"Dojransko Ezero",III,27.32,MKD,41.21101,22.73211
20696,"Prespansko Ezero",III,177.92,MKD,40.93264,21.00861
63656,"Katlanovski predel",III,57.26,MKD,41.87130,21.70592
100037,"Matka Canyon",III,52.05,MKD,41.92690,21.25247
176294,"Tikvesh",IA,77.74,MKD,41.30376,21.93419
176348,"Beleshnicka Reka",III,39.12,MKD,41.69232,21.30469
196501,"Pelister",II,171.63,MKD,40.97270,21.16176
555738615,"Shar Planina",II,627.18,MKD,41.97563,20.94694
555795332,"Lake Ohrid",II,252.10,MKD,41.03975,20.72429
199,"La Citadelle  Sans Souci  Ramiers",III,25.25,HTI,19.56942,-72.23148
7879,"Parc Macaya",II,131.36,HTI,18.36980,-74.04291
7880,"La Visite",II,114.19,HTI,18.34222,-72.26105
555643715,"Forêt des pins 1",II,67.77,HTI,18.30477,-71.77655
555643717,"Forêt des pins 2",II,139.76,HTI,18.33838,-71.97597
555643718,"Port Salut-Aquin",IV,875.10,HTI,18.14011,-73.62051
555643720,"Les Matheux",III,206.37,HTI,18.94775,-72.51626
9160,"Ruvubu",II,533.18,BDI,-3.13644,30.32284
9161,"Kibira",II,477.46,BDI,-2.95189,29.39588
9162,"Rusizi",II,85.05,BDI,-3.23095,29.26331
9164,"Bururi Forest",IB,26.85,BDI,-3.93641,29.60794
101434,"Vyanda",IB,44.68,BDI,-4.09392,29.55019
20264,"Pico de Basilé",II,322.56,GNQ,3.56626,8.77781
20267,"Monte Alén",II,1939.34,GNQ,1.47860,10.13312
20268,"Altos de Nsork",II,692.84,GNQ,1.16370,11.13029
313354,"Caldera de Luba",IB,510.75,GNQ,3.31341,8.57670
313359,"Piedra Bere",III,204.46,GNQ,1.80526,10.96215
313360,"Piedra Nzas",III,185.37,GNQ,1.45322,11.03090
313361,"Rio Campo",IV,337.00,GNQ,2.20558,9.88648
313362,"Punta Llende",IV,83.96,GNQ,1.37844,9.49418
313366,"Monte Temelón",IV,257.28,GNQ,2.00286,10.70569
7447,"Sehlabathebe",II,69.51,LSO,-29.90923,29.11690
555703461,"Tsehlanyane",II,53.94,LSO,-28.92003,28.45626
344,"Mali i Dajtit",II,292.11,ALB,41.38390,19.95774
346,"Mali i Tomorrit",II,261.03,ALB,40.66182,20.17955
4679,"Divjake-Karavasta",II,219.81,ALB,40.93645,19.46973
11661,"Kune-Vain-Tale",IV,43.92,ALB,41.72887,19.59825
11663,"Patok-Fushekuqe-Ishem",IV,49.99,ALB,41.62383,19.59820
11676,"Kuturman",IV,36.00,ALB,41.21356,20.25618
12444,"Thethi",II,47.85,ALB,42.40549,19.77055
12446,"Karaburun",IV,171.09,ALB,40.30541,19.44107
101424,"Lugina e Valbones",II,214.03,ALB,42.44868,19.93970
101425,"Bredhi i Hotoves-Dangelli",II,343.59,ALB,40.26720,20.42431
101471,"Lumi i Gashit",IA,102.70,ALB,42.47876,20.05918
181966,"Butrinti",II,94.23,ALB,39.75737,20.03081
181967,"Prespa",II,277.50,ALB,40.80110,20.94233
332697,"Liqeni i Shkodres",IV,265.24,ALB,42.18837,19.40138
555513696,"Karaburun-Sazan Marine National Park",II,124.22,ALB,40.34460,19.41142
555513697,"Shebenik-Jabllanice",II,339.20,ALB,41.23889,20.44770
555560372,"Liqeni i Ulezes",IV,42.05,ALB,41.67605,19.89212
555560373,"Korabi Koritnik",IV,555.48,ALB,41.85782,20.51692
555592564,"Albanian Prespa Lakes",II,151.31,ALB,40.79468,20.96958
555638701,"Lurë–Mali i Dejës",II,202.57,ALB,41.75200,20.18675
555638702,"Zagori",IV,246.07,ALB,40.19706,20.21958
1629,"Sevan",II,1510.69,ARM,40.38639,45.29385
1630,"Dilijan",II,392.16,ARM,40.72949,44.94458
1631,"Khosrov Forest",IA,228.69,ARM,40.04299,44.83299
20679,"Shikahogh",IA,121.68,ARM,39.03534,46.45044
67760,"Lake Sevan",II,4741.23,ARM,40.27090,45.38376
67761,"Lake Arpi",II,32.10,ARM,41.05855,43.67288
93999,"Gyulagarak",IV,26.52,ARM,40.93392,44.43126
94004,"Arzakan-Meghradzor",IV,111.84,ARM,40.54805,44.63519
145392,"Boghaqar",IV,27.33,ARM,39.02100,46.14825
145394,"Hanqavan Hydrological",IV,51.69,ARM,40.66981,44.46215
555549370,"Zangezur",IV,173.07,ARM,39.20398,46.11981
555549371,"Juniper Open Forests",IV,32.12,ARM,40.39936,45.52813
555549379,"Gandzakar",IV,41.61,ARM,40.79020,45.15820
555549380,"Jermuk Forest",IV,36.46,ARM,39.83486,45.67621
555549381,"Margahovit",IV,28.14,ARM,40.71557,44.68624
555549382,"Ijevan",IV,61.57,ARM,40.91191,45.08745
555549383,"Getik",IV,42.39,ARM,40.68965,45.26079
555549385,"Jermuk Hydrological",IV,173.70,ARM,39.90631,45.70996
555549388,"Herher Open Forests",IV,28.10,ARM,39.78252,45.58035
555549391,"Arevik",II,315.52,ARM,38.98003,46.30352
555549392,"Lake Arpi",II,211.44,ARM,41.07183,43.71299
95404,"Sultan Marshes",IB,175.53,TUR,38.32388,35.26322
927,"Khao Yai",II,2183.30,THA,14.33209,101.51564
928,"Tarutao",II,1719.62,THA,6.60447,99.46125
929,"Thung Salaeng Luang",II,1268.52,THA,16.68902,100.80693
930,"Nam Nao",II,969.81,THA,16.73216,101.55855
931,"Phu Phan",II,708.62,THA,16.99338,103.89414
932,"Khao Luang",II,576.32,THA,8.55058,99.74193
933,"Erawan",II,527.84,THA,14.34713,99.08038
934,"Phu Kradueng",II,254.32,THA,16.87950,101.76360
935,"Doi Inthanon",II,464.21,THA,18.52996,98.55101
936,"Doi Khuntan",II,248.27,THA,18.47596,99.30743
937,"Namtok Phleiw",II,120.30,THA,12.54571,102.21465
938,"Khao Chamao-Khao Wong",II,81.70,THA,12.93239,101.75621
940,"Khao Khitchakut",II,59.22,THA,12.83965,102.15989
1405,"Thungyai Naresuan",IA,3694.55,THA,15.34130,98.75628
1406,"Mae Tuen",IA,1239.34,THA,17.25557,98.72333
1407,"Huai Kha Khaeng",IA,2814.99,THA,15.39664,99.22884
1408,"Phu Khiew",IA,1574.52,THA,16.35160,101.62211
1409,"Khao Bantad",IA,1244.08,THA,7.29669,99.94897
1410,"Khlong Saeng",IA,978.84,THA,9.16798,98.65901
1411,"Lum Nam Pai",IA,1201.34,THA,19.42314,98.20279
1412,"Khao Soi Dao",IA,733.52,THA,13.08716,102.15105
1413,"Phu Luang",IA,916.26,THA,17.24074,101.46481
1414,"Salak Phra",IA,972.07,THA,14.41484,99.27132
1415,"Panom Dong Rak",IA,334.84,THA,14.41115,104.52192
1416,"Salawin",II,741.75,THA,18.17756,97.75337
1417,"Phu Miang - Phu Thong",IA,535.77,THA,17.50270,100.69316
1418,"Mae Nam Phachi",IA,494.05,THA,13.30765,99.30770
1420,"Khlong Naka",IA,474.05,THA,9.43607,98.59665
1421,"Ton Nga Chang",IA,181.30,THA,6.94277,100.19192
1422,"Yod Dom",IA,241.04,THA,14.33122,105.04489
1423,"Phu Wua",IA,188.91,THA,18.20544,103.97790
1424,"Khao Khiew - Khao Chomphu",IA,147.11,THA,13.21245,101.07302
1425,"Khao Angruenai",IA,1000.42,THA,13.26284,101.83456
3999,"Lansaang",II,104.66,THA,16.75567,99.01256
4000,"Phu Rua",II,119.67,THA,17.49055,101.34177
4001,"Chalearm Rattanakosin",II,57.65,THA,14.67440,99.28112
4002,"Ramkamhaeng",II,285.80,THA,16.88636,99.66403
4003,"Sai Yok",II,947.66,THA,14.37305,98.79852
4005,"Muko Ang Thong",II,103.21,THA,9.61152,99.68953
4006,"Khao Sok",II,640.50,THA,8.97143,98.63627
4007,"Taad Ton",II,216.25,THA,15.97505,102.03105
4009,"Sri Satchanalai",II,217.50,THA,17.60843,99.49757
4010,"Phra Budda Chai (Khao Samlan)",II,44.88,THA,14.42554,100.95935
4011,"Ao Phang-nga",II,335.58,THA,8.20770,98.53960
4012,"Kaengkrachan Forest Complex",II,3030.70,THA,12.84617,99.39769
4013,"Doi Phamuang",IA,589.54,THA,18.24004,99.10732
4014,"Doi Phachang",IA,580.39,THA,19.14470,100.48436
4015,"Khlong Phraya",IA,147.26,THA,8.44103,98.93709
4672,"Sirinat",II,76.80,THA,8.11421,98.27732
4673,"Muko Surin",II,116.93,THA,9.41436,97.91316
4674,"Kaeng Tana",II,83.85,THA,15.27609,105.53144
4675,"Mae Ping",II,1046.00,THA,17.59173,98.80659
4676,"Wiang Kosai",II,437.65,THA,17.88710,99.49677
4677,"Khao Laem Ya - Mu Ko Samet",II,126.79,THA,12.55881,101.46186
5068,"Khao Phanom Bencha",II,51.63,THA,8.26929,98.92784
5118,"Khuen Si Nakarin",II,1847.29,THA,14.74642,99.02882
7466,"Namtok Mae Surin",II,420.33,THA,19.11933,98.03418
7467,"Taksin Maharat",II,255.63,THA,16.83098,98.86715
7468,"Khlong Lan",II,420.38,THA,16.18659,99.21023
7472,"Khao Pu - Khao Ya",II,709.24,THA,7.69221,99.82292
7473,"Ao Phangnga - Mu Koh Surin - Mu Koh Similan",II,137.71,THA,8.77817,97.72231
8037,"Pang Sida",II,852.69,THA,14.07251,102.29462
8040,"Thap Lan",II,2216.61,THA,14.33986,102.25039
8043,"Mu Ko Libong",IV,232.28,THA,7.26462,99.44568
8044,"Doi Suthep-Pui",II,281.80,THA,18.92420,98.85624
9784,"Om Koi",IA,1204.82,THA,17.57570,98.59205
9799,"Laem Son",II,266.43,THA,9.48258,98.41230
9800,"Mu ko Chang",II,636.27,THA,11.96705,102.37814
9801,"Phu Hin Rong Kla",II,315.08,THA,17.00165,101.02516
9805,"Hat Chao Mai",II,149.32,THA,7.41192,99.31266
12529,"Mu ko Phetra",II,509.04,THA,6.95020,99.59438
12530,"Phu Kao - Phu Phan Kham",II,294.75,THA,16.88649,102.56759
12533,"Khao Sanam Phriang",IA,107.92,THA,16.53255,99.34801
12534,"Mae Yom Phang Khwa",IA,291.87,THA,18.49172,97.84646
12545,"Mae Lao - Mae Sae",IA,513.04,THA,19.14871,98.59411
12857,"Hat Noppharat Thara-Mu ko Phi Phi",II,340.25,THA,7.89558,98.82694
18445,"Sri Lanna",II,1478.25,THA,19.29269,99.15634
18446,"Khao Laem",II,1486.74,THA,14.91363,98.53188
18447,"Doi Luang",II,1311.31,THA,19.04652,99.79470
18457,"Ob Luang",II,685.55,THA,18.26387,98.53189
18465,"Khlong Wang Chao",II,735.04,THA,16.33073,99.14144
18467,"Huai Sala",IA,363.15,THA,14.44717,104.20891
19666,"Chae Son",II,782.69,THA,18.83434,99.46706
19667,"Namtok Chat Trakan",II,542.19,THA,17.29555,100.77727
19668,"Phu Pa - Yol (Huai Huat)",II,793.41,THA,16.85958,104.28028
19669,"Mae Wong",II,891.12,THA,15.88382,99.22571
19670,"Mae Yom",II,497.40,THA,18.71531,100.23266
19671,"Mukdahan",II,50.06,THA,16.45209,104.76702
19672,"Phu Chong - Na Yoi",II,689.23,THA,14.41485,105.30837
19673,"Si Phangnga",II,243.97,THA,9.11378,98.46304
29034,"Mu ko Lanta",II,135.95,THA,7.44585,99.02488
31257,"Sub Langka",IA,143.01,THA,15.54384,101.35243
31258,"Sadeth Naikrom  - Krom Luang Chumporn (North)",IA,614.05,THA,11.01903,99.14658
31259,"Um Phang",IA,2491.36,THA,16.00044,98.83989
31260,"Phu Sithan",IA,248.74,THA,16.60358,104.25756
31266,"Tham Chao Ram",IA,335.42,THA,17.31701,99.42378
39509,"Namtok Yong",II,210.23,THA,8.24874,99.74078
39511,"Khao Nam Khang",II,220.88,THA,6.56101,100.59464
39513,"Kaeng Krung",II,550.56,THA,9.50401,98.83637
39515,"Phu Wiang",II,322.80,THA,16.69954,102.25438
39516,"Phu Pha Man",II,358.85,THA,16.73802,101.85695
39517,"Tai Romyen",II,380.74,THA,8.78286,99.49020
39518,"Pha Tam",II,354.11,THA,15.57387,105.55408
39522,"Chalerm Phrakiat Somdej Phrathep Ratchasuda",IA,200.84,THA,6.18617,101.93277
40291,"Khao Pra Bangkhram",IA,120.65,THA,7.92953,99.26512
40297,"Phu Sa Dokbua",II,206.90,THA,16.18735,104.70781
61939,"Khlong Yan",IA,501.52,THA,9.26851,98.77153
61942,"Sai Thong",II,331.22,THA,15.86469,101.54111
101504,"Phu Pan Daeng",IA,233.74,THA,16.71252,101.40227
101592,"Sadeth Naikrom  - Krom Luang Chumporn (South)",IA,334.16,THA,10.64075,98.92247
101593,"Huai Thabthan-Had Samran",IA,495.45,THA,14.39379,103.64422
312931,"Khun Chae",II,286.80,THA,19.12635,99.39835
312933,"Huai Nam Dang",II,1231.90,THA,19.46587,98.54789
312934,"Lam Nam Nan",II,1045.49,THA,17.93091,100.45665
312935,"Taad Moak",II,285.52,THA,16.46960,101.37692
312936,"Mae Moei",II,190.25,THA,17.39920,98.12899
312937,"Doi Phukha",II,1900.55,THA,19.12359,101.11047
312938,"Mae Phang",II,538.89,THA,19.91859,99.18788
312939,"Phu Zang",II,728.90,THA,19.53908,100.50910
312940,"Chiang Dao",IA,1663.57,THA,19.56020,98.88189
312941,"Mae Wa",II,579.91,THA,17.42300,99.27639
312942,"Na Haew",II,110.53,THA,17.52470,100.97576
312943,"Ta Phraya",II,688.74,THA,14.20524,102.86726
312944,"Khao Phravihan",II,135.05,THA,14.42079,104.82382
312945,"Nam Phong",II,223.34,THA,16.40666,102.47369
312946,"Phu Toei",II,318.62,THA,14.92332,99.41132
312947,"Namtok Huai Yang",II,158.70,THA,11.55787,99.51030
312948,"Bang Lang",II,525.38,THA,5.97043,101.28344
312949,"Kuiburi",II,964.44,THA,12.09135,99.61608
312950,"Namtok Ngao",II,698.08,THA,9.98030,98.79565
312951,"Budo-Sungai Padi",II,340.79,THA,6.30336,101.69524
312952,"Namtok Si khid",II,141.44,THA,8.98097,99.69446
312953,"Klong Phanom",II,421.07,THA,8.76226,98.63719
312954,"Than Bok Khorani",II,69.24,THA,8.20871,98.66904
312955,"Mu ko Chumphon",II,265.97,THA,10.30461,99.28618
312956,"Lam Nam Kra Buri",II,79.76,THA,10.18366,98.66745
312989,"Mae Ta Khai",II,524.16,THA,18.79910,99.23434
312991,"Doi Wiang Pha",II,473.46,THA,19.65657,99.28381
312992,"Tham Phathai",II,1245.21,THA,18.77923,99.74693
312993,"Doi Phaklong",II,183.58,THA,18.13814,100.01614
312994,"Khlong Tron",II,507.58,THA,17.55879,100.56833
312995,"Si Nan",II,997.89,THA,18.25994,100.85907
312996,"Doi Phunang",II,867.80,THA,19.01714,100.25720
312998,"Namtok Phacharoen",II,973.76,THA,16.56952,98.84508
313000,"Khun Khan",II,397.98,THA,18.89439,98.59374
313001,"Mae Ngao",II,446.93,THA,17.78250,98.03832
313004,"Mae Charim",II,1103.28,THA,18.28252,100.96903
313007,"Doi Jong",II,517.92,THA,17.72957,99.11486
313009,"Khun Nan",II,255.78,THA,19.12707,101.25923
313010,"Nunthaburi",II,865.14,THA,18.98618,100.61657
313011,"Thong Pha Phum",II,1231.93,THA,14.87545,98.45140
313013,"Namtok Klong Kaew",II,197.45,THA,12.58080,102.62595
313014,"Pa Hin Ngam",II,99.34,THA,15.54868,101.44754
313016,"Phu Pha Lek",II,424.66,THA,17.05873,103.62287
313017,"Phu Lan Ka",II,201.65,THA,16.10894,101.89927
313018,"Namtok Sai Khao",II,111.09,THA,6.59542,101.11549
313019,"Khao Nan",II,441.26,THA,8.81083,99.66322
313020,"Sun Gala Khiri",II,225.89,THA,6.41307,100.86190
317216,"Boon Trik - Yod Mon",IA,409.15,THA,14.84531,105.52320
317218,"Khuan Mae Yaimon",IA,457.89,THA,9.69062,98.74648
317219,"Khlong Lamngu",II,710.05,THA,14.84438,98.82310
317220,"Kra Tun",IA,107.57,THA,8.67307,99.56220
317221,"Lam Nam Nan Phang Kha",IA,235.27,THA,17.92714,100.19045
317222,"Nam Paad",IA,511.73,THA,17.89073,100.91089
317223,"Namtok Sipo",II,116.24,THA,6.21563,101.60971
317224,"Pha Pheung",IA,187.36,THA,16.56717,101.78183
317225,"Phu Khor - Phu Kratae (Phu Khan)",IA,236.07,THA,17.01586,101.78947
317226,"Samoeng",IA,210.64,THA,18.99138,98.55686
317227,"San Pan Dan",IA,284.45,THA,19.66495,98.23923
317228,"Tabo-Huaiyai",IA,648.95,THA,16.09457,101.37065
317229,"Tham Pla - Pha Seu",II,657.32,THA,19.54698,97.95450
317230,"Ton Pariwat",IA,169.89,THA,8.71135,98.58240
317231,"Tungraya-Nasak",IA,295.08,THA,10.33147,98.88627
317232,"Doi Wiang La",IA,464.90,THA,18.84207,97.78615
317233,"Dong Yai",IA,311.70,THA,14.24544,102.61002
317234,"Hala Bala",IA,407.43,THA,5.90157,101.62647
317235,"Kaeng Ched Kwai",II,217.65,THA,17.07913,100.53100
317236,"Khlong Kruewai Chalearm Phrakiat",IA,266.22,THA,12.78943,102.39172
317237,"Mae Puem",II,351.65,THA,19.55802,99.86649
317239,"Ob Khan",II,548.29,THA,18.73176,98.70305
317240,"Phu Soi Dao",II,339.25,THA,17.83672,101.02869
317241,"Wiang Lo",IA,377.34,THA,19.25981,100.18087
555512221,"Ao Manow-Khao Tan Yong",II,47.94,THA,6.39538,101.80733
555512222,"Chaloem Prakiat Thai Prachan",II,402.57,THA,13.34992,99.42614
555512223,"Khao Khor",II,504.78,THA,16.70792,101.00184
555512224,"Khao Sib Ha Chan",II,131.06,THA,13.17491,101.97094
555512225,"Khun Pra Vor",II,408.55,THA,16.91432,98.67985
555512226,"Khun Sathan",II,456.56,THA,18.23061,100.52619
555512227,"Lam Nam Kok",II,704.83,THA,19.91092,99.68980
555512228,"Mae Tho",II,994.64,THA,18.33083,98.26181
555512229,"Mae Wang",II,126.08,THA,18.54159,98.68081
555512231,"Nam Yung Nam Som",II,690.76,THA,17.92297,102.17305
555512232,"Namtok Ched Sao Noi",II,47.54,THA,14.77505,101.17090
555512233,"Phu Khat",IA,423.52,THA,17.27646,100.97175
555512234,"Phu Langka",II,57.87,THA,17.95371,104.15273
555512235,"Salawin",IA,879.64,THA,18.43305,97.57733
555705577,"Mu ko Ranong",II,225.56,THA,9.81518,98.49850
555705578,"Mu Ko Similan",II,138.39,THA,8.77942,97.72054
555705579,"Thung Thale",IV,25.74,THA,7.71462,99.06045
555795308,"Lower Songkhram River",IV,55.05,THA,17.67771,104.26069
803,"Langtang",II,1658.56,NPL,28.18587,85.56533
804,"Sagarmatha",II,1131.94,NPL,27.94222,86.75017
805,"Chitwan",II,1213.00,NPL,27.51620,84.31025
806,"Rara",II,106.74,NPL,29.50147,82.06816
1308,"Bardia",II,896.46,NPL,28.48034,81.45770
1309,"Suklaphanta",IV,391.82,NPL,28.89359,80.24270
1310,"Koshi Tappu",IV,149.35,NPL,26.64738,87.00290
7952,"Shey-Phoksundo",II,3598.65,NPL,29.37804,82.83200
7953,"Khaptad",II,207.71,NPL,29.38024,81.12581
10089,"Parsa",IV,557.20,NPL,27.38603,84.82547
10910,"Shivapuri-Nagarjun",II,107.35,NPL,27.78215,85.36331
26606,"Makalu-Barun",II,1387.73,NPL,27.76064,87.08562
555569944,"Banke",II,567.94,NPL,28.15771,81.93448
4114,"Parc National de Toubkal",II,393.36,MAR,31.08754,-7.86520
4115,"Parc National de Tazekka",II,138.49,MAR,34.09128,-4.12332
11697,"Parc National de Sous-Massa",II,467.47,MAR,30.08861,-9.68020
15089,"Parc National d'Ifrane",II,1250.35,MAR,33.29221,-5.10948
17742,"Parc National de Talassemtane",II,594.98,MAR,35.22427,-5.14553
29969,"Parc National d’Alhoceima",II,523.97,MAR,35.19756,-4.17387
31073,"Parc National du Haut-Atlas-Oriental",II,556.99,MAR,32.23703,-5.34908
101232,"Parc National d'Iriqui",II,1296.90,MAR,29.84791,-6.41803
555542497,"Parc National de Khnifiss",II,1654.96,MAR,27.88748,-12.21976
555542498,"Parc National de Khénifra",II,842.70,MAR,32.97308,-5.14793
555781147,"Parc National de Draa-Warkziz-Lebtana",II,2661.54,MAR,28.17831,-10.04621
752,"Tsavo East",II,13380.53,KEN,-2.83574,38.70573
754,"Sibiloi",II,1542.56,KEN,3.96067,36.36568
755,"Meru",II,871.33,KEN,0.12323,38.20847
756,"Aberdare",II,772.32,KEN,-0.41912,36.71770
758,"Amboseli",II,387.44,KEN,-2.64279,37.24641
759,"Shimba Hills",II,193.49,KEN,-4.25330,39.39023
760,"Mt. Elgon",II,158.00,KEN,1.09164,34.68753
761,"Nairobi",II,116.31,KEN,-1.38614,36.86216
762,"Lake Nakuru",II,190.36,KEN,-0.39516,36.09353
763,"Kisite",II,27.84,KEN,-4.71459,39.36306
1297,"Masai Mara",II,1511.07,KEN,-1.48391,35.08672
2295,"Buffalo Springs",II,130.09,KEN,0.57011,37.59728
2296,"Ruma",II,120.61,KEN,-0.65233,34.26834
2298,"Samburu",II,165.11,KEN,0.61446,37.53896
2299,"Tana River Primate",II,170.14,KEN,-1.88313,40.12812
2300,"Lake Bogoria",II,107.16,KEN,0.25978,36.10011
2416,"Kora",II,1790.23,KEN,-0.24446,38.76068
2419,"South Turkana",II,1085.55,KEN,1.82612,35.73449
2427,"Shaba",II,239.72,KEN,0.66362,37.81859
2596,"Nasolot",II,91.82,KEN,1.85953,35.40411
7506,"Hell's Gate",II,68.17,KEN,-0.87027,36.32248
7888,"South Island",II,149.31,KEN,2.63513,36.59350
19562,"Mt. Longonot",II,52.18,KEN,-0.93025,36.45484
19563,"Chyulu Hills",II,733.92,KEN,-2.54149,37.81552
19564,"Tsavo West",II,7024.08,KEN,-3.40703,38.15536
19726,"Malka Mari",II,876.42,KEN,4.17013,40.58463
68092,"Lake Nakuru",II,190.36,KEN,-0.39236,36.09318
103549,"Lake Naivasha",IV,305.67,KEN,-0.71646,36.34773
900591,"Lake Bogoria",IV,99.00,KEN,0.26392,36.10122
555622007,"Mt. Kenya",II,2119.94,KEN,-0.13983,37.39101
822,"Anárjohka",II,1410.05,NOR,68.79877,24.75765
823,"Børgefjell/Byrkije",II,1451.80,NOR,65.15702,13.89337
824,"Øvre Dividal",II,769.01,NOR,68.70915,19.78970
825,"Rondane",II,968.08,NOR,61.88773,9.78692
826,"Femundsmarka",II,597.02,NOR,62.32502,12.10932
827,"Dovrefjell-Sunndalsfjella",II,1826.90,NOR,62.39328,9.14784
828,"Blåfjella-Skjækerfjella",II,1968.66,NOR,64.15104,12.89191
829,"Rago",II,162.17,NOR,67.44801,15.98180
830,"Stabbursdalen",II,747.65,NOR,70.00876,24.45689
831,"Ånderdalen",II,134.07,NOR,69.21275,17.25993
832,"Øvre Pasvik",II,119.11,NOR,69.12117,28.94336
1336,"Nordre Øyeren",IA,62.56,NOR,59.86051,11.15925
3203,"Smoldalen",IA,31.44,NOR,61.46012,12.46118
3207,"Karlsøyvær",IA,49.40,NOR,67.56680,14.66709
4657,"Jotunheimen",II,1152.21,NOR,61.55535,8.29620
4658,"Hardangervidda",II,3432.72,NOR,60.13262,7.49117
6138,"Havmyran",IA,38.65,NOR,63.50760,8.62233
9889,"Lille Sølensjø",IA,34.87,NOR,62.02083,11.57114
9890,"Kvisleflået og Hovdlia",IA,56.89,NOR,61.79732,12.08921
9891,"Froan",IA,404.38,NOR,64.04547,9.02954
9893,"Jávreoaivvit",IA,31.96,NOR,69.52416,21.21459
9895,"Makkaurhalvøya",IA,116.69,NOR,70.63155,30.14285
9898,"Skogvoll",IA,55.67,NOR,69.16199,15.82752
9899,"Barvikmyran og Blodskytodden",IA,26.33,NOR,70.41159,30.92863
9915,"Skipsfjord",IV,54.12,NOR,70.14620,19.82121
9917,"Austerdalen",IV,25.29,NOR,67.15391,15.26759
12297,"Reisa",II,803.02,NOR,69.23921,21.99289
12328,"Grytdalen",IA,41.64,NOR,63.37505,9.68501
12329,"Froan",IV,86.63,NOR,64.03841,9.15180
18948,"Saltfjellet-Svartisen",II,2193.72,NOR,66.69580,14.43808
31243,"Hynna",IA,64.14,NOR,61.24401,9.86632
31250,"Rangeldalen",IA,26.16,NOR,63.21350,11.99140
31252,"Borgan og Frelsøy",IA,54.23,NOR,64.95890,10.79825
40657,"Jostedalsbreen",II,1308.45,NOR,61.63593,6.94119
62102,"Arvasslia",IA,28.53,NOR,64.05915,13.78945
62103,"Flåman",IA,29.09,NOR,62.29120,9.82411
62104,"Øvre Forra",IA,102.56,NOR,63.60430,11.62066
62109,"Øyenskavlen",IA,47.06,NOR,64.30151,11.01717
62114,"Bliksvær",IA,43.19,NOR,67.27068,14.01784
62117,"Nigardsbreen",IA,28.07,NOR,61.68251,7.20397
62123,"Koltjønndalen",IA,56.58,NOR,63.49715,12.06764
68124,"Nordre Oyeren",IA,64.39,NOR,59.87541,11.15571
68126,"Rott-Håstein-Kjør",IA,106.52,NOR,58.91500,5.49025
68127,"Ørland Wetland System",IA,31.65,NOR,63.69088,9.53143
125836,"Vassfaret",IA,29.43,NOR,60.56375,9.41933
125857,"Lundsneset",IA,26.26,NOR,59.04767,11.71918
125875,"Solhomfjell og Kvenntjønnane",IA,44.90,NOR,58.96707,8.76984
127869,"Froan Nature Reserve and Landscape Protection Area",IA,491.01,NOR,64.04547,9.04402
155143,"Langsua",II,537.73,NOR,61.26178,9.45147
155533,"Sylan",IV,165.84,NOR,63.06125,12.03642
155726,"Almdalen-Ekorndalen",IA,33.16,NOR,64.59437,11.92007
155747,"Finnemarka",IA,46.36,NOR,59.92204,10.13789
155998,"Dyraheio",IV,305.48,NOR,59.53835,6.90077
156012,"Kvanndalen",IV,81.78,NOR,59.72556,7.02213
156055,"Smådaladn",IA,32.87,NOR,61.03034,8.55471
156426,"Fisklausvatnet",IA,38.49,NOR,65.63864,13.57021
659,"Ecrins",II,930.93,FRA,44.83041,6.22980
660,"Cévennes",II,937.96,FRA,44.24625,3.58815
661,"Vanoise",II,531.11,FRA,45.39590,6.89451
662,"Pyrénées",II,457.06,FRA,42.79454,-0.26042
663,"Port-Cros",II,46.13,FRA,43.00529,6.29051
664,"Mercantour",II,679.22,FRA,44.16673,7.06094
1526,"Aiguilles Rouges",IV,32.96,FRA,45.97150,6.87680
4052,"Sept-Iles",IV,197.00,FRA,48.87157,-3.55067
6271,"Contamines-Montjoie",IV,55.47,FRA,45.78021,6.74963
7162,"Banc D\'Arguin",IV,43.63,FRA,44.58136,-1.25364
13407,"Moëze-Oléron",IV,63.94,FRA,45.92399,-1.15860
15153,"Camargue",IV,131.96,FRA,43.50145,4.57479
15986,"La cote bleue",IV,42.24,FRA,43.35953,5.18944
18995,"Lac De Grand-Lieu",IV,26.76,FRA,47.09596,-1.68897
18996,"Mantet",IV,30.14,FRA,42.45360,2.29257
20641,"Py",IV,44.14,FRA,42.46848,2.36545
83262,"Les Bauges",IV,52.98,FRA,45.67295,6.23227
83264,"Chambord",IV,54.68,FRA,47.62083,1.53746
83266,"La Petite Pierre",IV,27.29,FRA,48.82793,7.34615
83267,"Le Der Chantecoq Et Les Étangs D\'Outines Et D\'Arrigny",IV,52.17,FRA,48.56894,4.76857
83268,"Orlu",IV,43.47,FRA,42.64568,1.95355
106711,"Sixt-Passy",IV,94.62,FRA,46.04980,6.81029
106716,"Hauts Plateaux Du Vercors",IV,175.89,FRA,44.84938,5.50841
106720,"Haute Chaîne Du Jura",IV,113.01,FRA,46.26516,5.99073
106722,"Baie De Somme",IV,34.09,FRA,50.24603,1.53826
106738,"Forêt De Saint-Antoine",IV,28.43,FRA,47.81294,6.77136
106751,"Biotope Des Grands Rapaces Du Lubéron",IV,170.47,FRA,43.82725,5.40345
106752,"Massif De La Dent De Rez",IV,32.19,FRA,44.43525,4.47463
106753,"Montcenis Et Vallon De Savine",IV,60.97,FRA,45.21572,6.95947
106758,"Venise Verte",IV,26.19,FRA,46.30165,-0.58132
106767,"Agriate",IV,61.37,FRA,42.68821,9.14588
146951,"Protection Des Oiseaux Rupestres",IV,115.56,FRA,46.00710,5.73451
147293,"Hauts De Chartreuse",IV,44.56,FRA,45.39250,5.89447
147294,"Estuaire De La Seine",IV,85.06,FRA,49.43638,0.25696
147492,"Testa - ventilegne",IV,26.61,FRA,41.43292,9.11094
147509,"Estuaire de la loire",IV,28.03,FRA,47.25904,-1.96366
178224,"Baie De L\'Aiguillon (Charente-Maritime)",IV,25.21,FRA,46.27898,-1.14697
178228,"Coussouls De Crau",IV,74.77,FRA,43.57826,4.89878
178271,"Bouches De Bonifacio",IV,797.67,FRA,41.44492,9.13506
178289,"Marais Poitevin (Secteur Ouest)",IV,37.58,FRA,46.28579,-1.05806
193356,"Iles chausey",IV,49.99,FRA,48.88735,-1.79989
345893,"Bassin Du Drugeon Du Doubs",IV,29.48,FRA,46.86083,6.22524
345948,"Sylve D\'Argenson",IA,25.80,FRA,46.11868,-0.41802
346013,"Vaccares",IV,137.32,FRA,43.50273,4.57155
388852,"Biotope De L\'Écrevisse À Pattes Blanches Et De La Truite Fario",IV,49.26,FRA,47.68693,6.22883
391926,"Plaine Des Maures",IV,52.58,FRA,43.35853,6.41426
391966,"Ecrevisse À Pattes Blanches Et Faune Patrimoniale Associée (39)",IV,38.98,FRA,46.78662,5.78119
391967,"Ecrevisse À Pattes Blanches Et Faune Patrimoniale Associée (25)",IV,36.46,FRA,47.09889,6.32963
391973,"Golfe Du Morbihan",IV,73.58,FRA,47.59315,-2.79470
392017,"Lac de grand lieu",IV,27.83,FRA,47.09422,-1.68897
392023,"Etangs et marais des salins de camargue",IV,65.29,FRA,43.40263,4.63513
555514327,"Val Suzon",IV,30.18,FRA,47.41862,4.95088
555547169,"Rivière Allier",IV,28.68,FRA,46.40274,3.25465
555559618,"Calanques",II,519.23,FRA,43.15344,5.41032
555559630,"Massif Du Pibeste - Aoulhet",IV,51.32,FRA,43.06162,-0.12417