id,name_en,name_local,country,lat,lon,radius_km,dishes,sources,is_modal,retrieved
Q647500,Korean cuisine,한국 요리,South Korea,36.00000,128.00000,179,bibimbap|bosintang|gochujang|hwajeon|bibim guksu|jokbal,https://www.wikidata.org/wiki/Q647500|https://en.wikipedia.org/wiki/Korean_cuisine|https://ko.wikipedia.org/wiki/%ED%95%9C%EA%B5%AD_%EC%9A%94%EB%A6%AC,,2026-08-22
Q1261477,English cuisine,English cuisine,United Kingdom,54.60000,-2.00000,278,fish and chips|macaroni and cheese|crème anglaise|clotted cream|pie and mash|angels on horseback,https://www.wikidata.org/wiki/Q1261477|https://en.wikipedia.org/wiki/English_cuisine|https://en.wikipedia.org/wiki/English_cuisine,,2026-08-22
Q10286142,fucha ryōri,普茶料理,Japan,35.00000,136.00000,347,Kōfuku-ji Temple|Manpuku-ji Temple|Shōtai-ji Temple|Saigan-ji Temple,https://www.wikidata.org/wiki/Q10286142|https://ja.wikipedia.org/wiki/%E6%99%AE%E8%8C%B6%E6%96%99%E7%90%86,,2026-08-22
Q12480249,Acehnese cuisine,Hidangan Aceh,Indonesia,5.57028,95.34078,136,sale pisang|mie aceh|timphan|ayam tangkap|kuwah itek|kuwah eungkôt yèe,https://www.wikidata.org/wiki/Q12480249|https://en.wikipedia.org/wiki/Acehnese_cuisine|https://id.wikipedia.org/wiki/Hidangan_Aceh,,2026-08-22
Q17176916,cuisine of Brussels,cuisine de Bruxelles,Belgium,50.64111,4.66806,99,Au Stekerlapatte|Au vieux Bruxelles|Zenne pot,https://www.wikidata.org/wiki/Q17176916|https://en.wikipedia.org/wiki/Cuisine_of_Brussels|https://fr.wikipedia.org/wiki/Cuisine_bruxelloise,,2026-08-22
Q1572982,Bengali cuisine,बंगाली खाना,India,22.80000,83.00000,600,chutney|pilaf|roti|chicken biryani|Sarbhaja|Beef bhuna,https://www.wikidata.org/wiki/Q1572982|https://en.wikipedia.org/wiki/Bengali_cuisine|https://hi.wikipedia.org/wiki/%E0%A4%AC%E0%A4%82%E0%A4%97%E0%A4%BE%E0%A4%B2%E0%A5%80_%E0%A4%96%E0%A4%BE%E0%A4%A8%E0%A4%BE,,2026-08-22
Q1897293,Scottish cuisine,Scottish cuisine,United Kingdom,54.60000,-2.00000,278,haggis|lorne sausage|rumbledethumps|Scotch broth|cock-a-leekie soup|Mince and tatties,https://www.wikidata.org/wiki/Q1897293|https://en.wikipedia.org/wiki/Scottish_cuisine|https://en.wikipedia.org/wiki/Scottish_cuisine,,2026-08-22
Q62458,Israeli cuisine,המטבח הישראלי,Israel,31.00000,35.00000,81,hummus|taboon bread|baba ghanoush|Ptitim|Lahoh|sufganiyah,https://www.wikidata.org/wiki/Q62458|https://en.wikipedia.org/wiki/Israeli_cuisine|https://he.wikipedia.org/wiki/%D7%94%D7%9E%D7%98%D7%91%D7%97_%D7%94%D7%99%D7%A9%D7%A8%D7%90%D7%9C%D7%99,,2026-08-22
Q175595,kaiseki,懐石,Japan,35.00000,136.00000,347,Ginza Kojyu|Hyotei|n/naka|Mizai|Kaiseki Yu-zen Hashimoto,https://www.wikidata.org/wiki/Q175595|https://en.wikipedia.org/wiki/Kaiseki|https://ja.wikipedia.org/wiki/%E6%87%90%E7%9F%B3,,2026-08-22
Q6661,French cuisine,cuisine française,France,47.00000,2.00000,453,Cervelle de canut|pot-au-feu|sauce lyonnaise|Lyonnaise potatoes|andouillette|Kig ha farz,https://www.wikidata.org/wiki/Q6661|https://en.wikipedia.org/wiki/French_cuisine|https://fr.wikipedia.org/wiki/Cuisine_fran%C3%A7aise,,2026-08-22
Q6596722,Seoul cuisine,서울 요리,South Korea,36.00000,128.00000,179,seolleongtang|Delimanjoo|Dak-hanmari,https://www.wikidata.org/wiki/Q6596722|https://en.wikipedia.org/wiki/List_of_Seoul_dishes|https://ko.wikipedia.org/wiki/%EC%84%9C%EC%9A%B8_%EC%9A%94%EB%A6%AC,,2026-08-22
Q7601803,Maharashtrian cuisine,मराठी खाना,India,22.80000,83.00000,600,Vada pav|Pav bhaji|Usal|Waran Phale|Masala bhat,https://www.wikidata.org/wiki/Q7601803|https://en.wikipedia.org/wiki/Maharashtrian_cuisine|https://hi.wikipedia.org/wiki/%E0%A4%AE%E0%A4%B0%E0%A4%BE%E0%A4%A0%E0%A5%80_%E0%A4%96%E0%A4%BE%E0%A4%A8%E0%A4%BE,,2026-08-22
Q1071405,Uruguayan cuisine,culinária do Uruguai,Uruguay,-33.00000,-56.00000,237,Puchero|dulce de batata|Caruso sauce|Brasa Charrúa Parrillada Uruguaya,https://www.wikidata.org/wiki/Q1071405|https://en.wikipedia.org/wiki/Uruguayan_cuisine,,2026-08-22
Q1072146,Ghanaian cuisine,Ghanaian cuisine,Ghana,7.94650,-1.02320,276,La Tante DC 10 Restaurant|omo tuo|Akadi,https://www.wikidata.org/wiki/Q1072146|https://en.wikipedia.org/wiki/Ghanaian_cuisine|https://en.wikipedia.org/wiki/Ghanaian_cuisine,,2026-08-22
Q1089120,Pakistani cuisine,پاکستانی پکوان,Pakistan,30.00000,71.00000,530,thali|falooda|Pakistani rice dishes|zarda|Tandoori roti|Reshmi kabab,https://www.wikidata.org/wiki/Q1089120|https://en.wikipedia.org/wiki/Pakistani_cuisine|https://ur.wikipedia.org/wiki/%D9%BE%D8%A7%DA%A9%D8%B3%D8%AA%D8%A7%D9%86%DB%8C_%D9%BE%DA%A9%D9%88%D8%A7%D9%86,,2026-08-22
Q1148243,Senegalese cuisine,cuisine sénégalaise,Senegal,14.36667,-14.28333,250,Yassa (edziban)|Lyon Dakar|Bouye Juice,https://www.wikidata.org/wiki/Q1148243|https://en.wikipedia.org/wiki/Senegalese_cuisine|https://fr.wikipedia.org/wiki/Cuisine_s%C3%A9n%C3%A9galaise,,2026-08-22
Q1149423,Venezuelan cuisine,gastronomía de Venezuela,Venezuela,8.00000,-67.00000,539,arepa|Tequeño|Arepado|Venezuelan restaurant,https://www.wikidata.org/wiki/Q1149423|https://en.wikipedia.org/wiki/Venezuelan_cuisine|https://es.wikipedia.org/wiki/Gastronom%C3%ADa_de_Venezuela,,2026-08-22
Q1154594,Palestinian cuisine,cuisine palestinienne,Palestine,31.62532,35.14526,150,musakhan|taboon bread|kibbeh|Jibneh Arabieh|maqluba|vine leaf roll,https://www.wikidata.org/wiki/Q1154594|https://en.wikipedia.org/wiki/Palestinian_cuisine,,2026-08-22
Q1156753,Mongolian cuisine,Монгол хоол,Mongolia,46.00000,105.00000,600,Buuz|borts|Dalan|tsuivan|Bar-B-Q Plaza|dough-sealed soup,https://www.wikidata.org/wiki/Q1156753|https://en.wikipedia.org/wiki/Mongolian_cuisine|https://mn.wikipedia.org/wiki/%D0%9C%D0%BE%D0%BD%D0%B3%D0%BE%D0%BB_%D1%85%D0%BE%D0%BE%D0%BB,,2026-08-22
Q1187275,Burmese cuisine,မြန်မာအစားအသောက်,Myanmar,22.00000,96.00000,464,Mohinga|thali|khao soi|Thua nao|Burmese salad|Top Burmese,https://www.wikidata.org/wiki/Q1187275|https://en.wikipedia.org/wiki/Burmese_cuisine|https://my.wikipedia.org/wiki/%E1%80%99%E1%80%BC%E1%80%94%E1%80%BA%E1%80%99%E1%80%AC%E1%80%B7_%E1%80%A1%E1%80%85%E1%80%AC%E1%80%B8%E1%80%A1%E1%80%85%E1%80%AC,,2026-08-22
Q1194855,Nepalese cuisine,नेपाली व्यञ्जन,Nepal,28.00000,84.00000,216,Mul Chowk Kitchen|momo|Sichuan pepper|thali|Sel roti|La Voie Himalaya,https://www.wikidata.org/wiki/Q1194855|https://en.wikipedia.org/wiki/Nepalese_cuisine|https://ne.wikipedia.org/wiki/%E0%A4%A8%E0%A5%87%E0%A4%AA%E0%A4%BE%E0%A4%B2%E0%A5%80_%E0%A4%B5%E0%A5%8D%E0%A4%AF%E0%A4%9E%E0%A5%8D%E0%A4%9C%E0%A4%A8,,2026-08-22
Q1196175,South African cuisine,South African cuisine,South Africa,-29.00000,24.00000,600,fish and chips|bobotie|Malva pudding|Hertzoggie,https://www.wikidata.org/wiki/Q1196175|https://en.wikipedia.org/wiki/South_African_cuisine|https://en.wikipedia.org/wiki/South_African_cuisine,,2026-08-22
Q1196234,Norwegian cuisine,Culinária da Noruega,Norway,59.93333,10.68333,350,Labskaus|Kransekake|fish and chips|lutefisk|glogg|Ekebergrestauranten,https://www.wikidata.org/wiki/Q1196234|https://en.wikipedia.org/wiki/Norwegian_cuisine|https://no.wikipedia.org/wiki/Norsk_mat,,2026-08-22
Q1196267,Danish cuisine,dansk køkken,Denmark,56.00000,10.00000,117,Labskaus|Kransekake|smørrebrød|rødgrød|Danish|kringle,https://www.wikidata.org/wiki/Q1196267|https://en.wikipedia.org/wiki/Danish_cuisine|https://da.wikipedia.org/wiki/Det_danske_k%C3%B8kken,,2026-08-22
Q1199026,Georgian cuisine,ქართული სამზარეულო,Georgia,42.00000,44.00000,149,kvass|acıka|Badrijani|chakhokhbili|khash|kharcho,https://www.wikidata.org/wiki/Q1199026|https://en.wikipedia.org/wiki/Georgian_cuisine|https://ka.wikipedia.org/wiki/%E1%83%A5%E1%83%90%E1%83%A0%E1%83%97%E1%83%A3%E1%83%9A%E1%83%98_%E1%83%A1%E1%83%90%E1%83%9B%E1%83%96%E1%83%90%E1%83%A0%E1%83%94%E1%83%A3%E1%83%9A%E1%83%9D,,2026-08-22
Q1199030,Serbian cuisine,Српска кухиња,Serbia,43.95000,20.93333,168,Pasulj|Pljeskavica|Pinđur|Karađorđeva šnicla|cabbage roll|sarma,https://www.wikidata.org/wiki/Q1199030|https://en.wikipedia.org/wiki/Serbian_cuisine|https://sr.wikipedia.org/wiki/%D0%A1%D1%80%D0%BF%D1%81%D0%BA%D0%B0_%D0%BA%D1%83%D1%85%D0%B8%D1%9A%D0%B0,,2026-08-22
Q1199032,Macedonian cuisine,Kuzhina Maqedonase,North Macedonia,41.65000,21.71667,90,Imam Bayıldı|stuffed peppers|Pinđur|cabbage roll|tarator|tripe chorba,https://www.wikidata.org/wiki/Q1199032|https://en.wikipedia.org/wiki/Macedonian_cuisine|https://sq.wikipedia.org/wiki/Kuzhina_Maqedonase,,2026-08-22
Q1199173,Albanian cuisine,Kuzhina shqiptare,Albania,41.00000,20.00000,96,Imam Bayıldı|Tavë Kosi|Kabuni|cabbage roll|Peppers with garlic and cream|Tomato casserole from Gjakova,https://www.wikidata.org/wiki/Q1199173|https://en.wikipedia.org/wiki/Albanian_cuisine|https://sq.wikipedia.org/wiki/Kuzhina_shqiptare,,2026-08-22
Q1246463,Maltese cuisine,Maltese cuisine,Malta,35.90000,14.40000,25,pastizz|cabbage roll|aljotta|Imqaret|Maltese bread|Fenkata,https://www.wikidata.org/wiki/Q1246463|https://en.wikipedia.org/wiki/Maltese_cuisine|https://en.wikipedia.org/wiki/Maltese_cuisine,,2026-08-22
Q1324207,Canadian cuisine,cuisine canadienne,Canada,56.00000,-109.00000,600,fish and chips|macaroni and cheese|fritter|Oasis Drive-In|all dressed|Harmony Lunch,https://www.wikidata.org/wiki/Q1324207|https://en.wikipedia.org/wiki/Canadian_cuisine|https://fr.wikipedia.org/wiki/Cuisine_canadienne,,2026-08-22
Q1328358,Cuban cuisine,gastronomía de Cuba,Cuba,22.00000,-79.50000,187,Moros y Cristianos|La Teresita|Pambiche Cocina and Repostería Cubana|La Bodeguita Cubana|Galleta de sal|Bakery Inka Havana,https://www.wikidata.org/wiki/Q1328358|https://en.wikipedia.org/wiki/Cuban_cuisine|https://es.wikipedia.org/wiki/Gastronom%C3%ADa_de_Cuba,,2026-08-22
Q1328433,Tunisian cuisine,مطبخ تونسي,Tunisia,34.00000,10.00000,228,couscous|bazeen|Mafrum|La Kahena,https://www.wikidata.org/wiki/Q1328433|https://en.wikipedia.org/wiki/Tunisian_cuisine|https://ar.wikipedia.org/wiki/%D9%85%D8%B7%D8%A8%D8%AE_%D8%AA%D9%88%D9%86%D8%B3%D9%8A,,2026-08-22
Q1342397,Iranian cuisine,آشپزی ایرانی,Iran,32.00000,53.00000,600,pilaf|chelow kabab|khash|Jujeh kabab|falooda|Sheermal,https://www.wikidata.org/wiki/Q1342397|https://en.wikipedia.org/wiki/Iranian_cuisine|https://fa.wikipedia.org/wiki/%D8%A2%D8%B4%D9%BE%D8%B2%DB%8C_%D8%A7%DB%8C%D8%B1%D8%A7%D9%86%DB%8C,,2026-08-22
Q1346230,Egyptian cuisine,المطبخ المصري,Egypt,27.00000,29.00000,567,qatayef|stuffed squash|cabbage roll|Foul Mohamed Ahmed|Foul Mohamed Ahmed|Abo Nasser,https://www.wikidata.org/wiki/Q1346230|https://en.wikipedia.org/wiki/Egyptian_cuisine|https://ar.wikipedia.org/wiki/%D9%85%D8%B7%D8%A8%D8%AE_%D9%85%D8%B5%D8%B1%D9%8A,,2026-08-22
Q1372774,Lao cuisine,ອາຫານລາວ,Laos,18.20000,104.10000,275,thali|khao soi|nam tok|drunken noodles|Mum|Simmary,https://www.wikidata.org/wiki/Q1372774|https://en.wikipedia.org/wiki/Lao_cuisine,,2026-08-22
Q1503789,Ukrainian cuisine,українська кухня,Ukraine,49.00000,32.00000,438,borscht|Angel wings|cold borscht|potato pancake|sauerkraut|Gugelhupf,https://www.wikidata.org/wiki/Q1503789|https://en.wikipedia.org/wiki/Ukrainian_cuisine|https://uk.wikipedia.org/wiki/%D0%A3%D0%BA%D1%80%D0%B0%D1%97%D0%BD%D1%81%D1%8C%D0%BA%D0%B0_%D0%BA%D1%83%D1%85%D0%BD%D1%8F,,2026-08-22
Q29359,Tex-Mex,Tex-mex (gastronomía),United States,31.00000,-100.00000,471,guacamole|Chipotle Mexican Grill|chili|queso|Baja Fresh|Chuy's,https://www.wikidata.org/wiki/Q29359|https://en.wikipedia.org/wiki/Tex-Mex|https://es.wikipedia.org/wiki/Tex-Mex_(gastronom%C3%ADa),,2026-08-22
Q41927,Okinawan cuisine,沖縄料理,Japan,26.21222,127.68083,27,Sōki|Peanut tofu|El Bosque,https://www.wikidata.org/wiki/Q41927|https://en.wikipedia.org/wiki/Okinawan_cuisine|https://ja.wikipedia.org/wiki/%E6%B2%96%E7%B8%84%E6%96%99%E7%90%86,,2026-08-22
Q381416,cuisine of the Southern United States,gastronomía del sur de Estados Unidos,United States,39.82818,-98.57950,600,ambrosia|mud pie|chess pie|Chicken Maryland|Lambert's Cafe|Paschal's,https://www.wikidata.org/wiki/Q381416|https://en.wikipedia.org/wiki/Cuisine_of_the_Southern_United_States|https://es.wikipedia.org/wiki/Gastronom%C3%ADa_del_sur_de_Estados_Unidos,,2026-08-22
Q1026802,California cuisine,Gastronomía de California,United States,37.00000,-120.00000,367,Madrona Manor|Disney's Grand Californian Hotel & Spa|Cheese Board Collective|Commander's Palace|Manresa|Napa Rose,https://www.wikidata.org/wiki/Q1026802|https://en.wikipedia.org/wiki/California_cuisine|https://es.wikipedia.org/wiki/Cocina_California,,2026-08-22
Q1645076,Louisiana Creole cuisine,Cocina criolla,United States,31.00000,-92.00000,208,Red beans and rice|eggs Sardou|Antoine's|Brennan's|Mosca's|Oysters Rockefeller,https://www.wikidata.org/wiki/Q1645076|https://en.wikipedia.org/wiki/Louisiana_Creole_cuisine|https://es.wikipedia.org/wiki/Gastronom%C3%ADa_criolla_de_Luisiana,,2026-08-22
Q2295586,Hawaiian cuisine,Gastronomía de Hawái,United States,21.50000,-158.00000,95,poi|butter mochi|Hula's Island Grill|Tangaroa Terrace Tropical Bar & Grill|Ate-Oh-Ate|Santo Market,https://www.wikidata.org/wiki/Q2295586|https://en.wikipedia.org/wiki/Cuisine_of_Hawaii|https://es.wikipedia.org/wiki/Gastronom%C3%ADa_de_Haw%C3%A1i,,2026-08-22
Q1566930,Soviet cuisine,Sowjetische Küche,Soviet Union,65.00000,90.00000,600,Vitamin salad|cutlet de volaille|Leningradsky cake|Olivier salad|chicken Kyiv,https://www.wikidata.org/wiki/Q1566930|https://en.wikipedia.org/wiki/Soviet_cuisine,,2026-08-22
Q1640414,Cuisine of Uzbekistan,o'zbek taomlari,Uzbekistan,41.00000,66.00000,378,pilaf|beşbarmaq|chorba|oromo|dovga|Kazy,https://www.wikidata.org/wiki/Q1640414|https://en.wikipedia.org/wiki/Uzbek_cuisine|https://uz.wikipedia.org/wiki/O%CA%BBzbek_oshxonasi,,2026-08-22
Q1789628,Croatian cuisine,hrvatska kuhinja,Croatia,45.25000,15.46667,134,Krautfleckerl|cabbage roll|Osijek knödel|Slavonski med|Leporini Restaurant|Theatrum Bar & Food,https://www.wikidata.org/wiki/Q1789628|https://en.wikipedia.org/wiki/Croatian_cuisine|https://hr.wikipedia.org/wiki/Hrvatska_kuhinja,,2026-08-22
Q1850480,Belarusian cuisine,белорусская кухня,Belarus,53.52833,28.04667,257,borscht|Angel wings|cold borscht|potato pancake|Gugelhupf|zrazy,https://www.wikidata.org/wiki/Q1850480|https://en.wikipedia.org/wiki/Belarusian_cuisine|https://ru.wikipedia.org/wiki/%D0%91%D0%B5%D0%BB%D0%BE%D1%80%D1%83%D1%81%D1%81%D0%BA%D0%B0%D1%8F_%D0%BA%D1%83%D1%85%D0%BD%D1%8F,,2026-08-22
Q1988266,Dutch cuisine,нидерландская кухня,Netherlands,52.31667,5.55000,109,speculaas biscuit|oliebol|pepernoot|Stamppot|De Librije|lekkerbekje,https://www.wikidata.org/wiki/Q1988266|https://en.wikipedia.org/wiki/Dutch_cuisine,,2026-08-22
Q1996684,Azerbaijani cuisine,Azərbaycan mətbəxi,Azerbaijan,40.30000,47.70000,166,pilaf|stuffed peppers|khash|dovga|Shekerbura|Eggplant jam,https://www.wikidata.org/wiki/Q1996684|https://en.wikipedia.org/wiki/Azerbaijani_cuisine|https://az.wikipedia.org/wiki/Az%C9%99rbaycan_m%C9%99tb%C9%99xi,,2026-08-22
Q13497,Swiss cuisine,cuisine suisse,Switzerland,46.79856,8.23197,115,spätzle|raclette|Zopf|Zuger Kirschtorte|Zürcher Geschnetzeltes|Älplermagronen,https://www.wikidata.org/wiki/Q13497|https://en.wikipedia.org/wiki/Swiss_cuisine|https://fr.wikipedia.org/wiki/Cuisine_suisse,,2026-08-22
Q35623,Swedish cuisine,svenska köket,Sweden,61.00000,15.00000,377,kroppkaka|rødgrød|choklate ball|surströmming|lutefisk|semla,https://www.wikidata.org/wiki/Q35623|https://en.wikipedia.org/wiki/Swedish_cuisine|https://sv.wikipedia.org/wiki/Svenska_k%C3%B6ket,,2026-08-22
Q40578,cuisine of the United States,gastronomía de Estados Unidos,United States,39.82818,-98.57950,600,hamburger|angel food cake|Huey's|hot dog|taco|fish and chips,https://www.wikidata.org/wiki/Q40578|https://en.wikipedia.org/wiki/American_cuisine|https://es.wikipedia.org/wiki/Gastronom%C3%ADa_de_Estados_Unidos,,2026-08-22
Q1520796,Filipino cuisine,Filipino cuisine,Philippines,12.00000,123.00000,331,champorado|banana ketchup|adobo|Jaltan|mango float|tortang talong,https://www.wikidata.org/wiki/Q1520796|https://en.wikipedia.org/wiki/Filipino_cuisine|https://en.wikipedia.org/wiki/Filipino_cuisine,,2026-08-22
Q1551510,Moldovan cuisine,Bucătăria moldovenească,Moldova,47.25000,28.51667,104,borscht|Papanași|stuffed peppers|blini|zeamă|cabbage roll,https://www.wikidata.org/wiki/Q1551510|https://en.wikipedia.org/wiki/Moldovan_cuisine|https://ro.wikipedia.org/wiki/Buc%C4%83t%C4%83ria_moldoveneasc%C4%83,,2026-08-22
Q10876842,Chinese cuisine,中国菜,People's Republic of China,35.84472,103.45194,600,Joy Hing's Roasted Meat|cold rice noodles|steamed fish head with diced hot red peppers,https://www.wikidata.org/wiki/Q10876842|https://en.wikipedia.org/wiki/Chinese_cuisine,,2026-08-22
Q1859351,Sicilian cuisine,cucina siciliana,Italy,42.50000,12.50000,310,Pasta alla Norma|parmigiana|crocchè|Pasta con le sarde|beccafico sardines|panelle,https://www.wikidata.org/wiki/Q1859351|https://en.wikipedia.org/wiki/Sicilian_cuisine|https://it.wikipedia.org/wiki/Cucina_siciliana,,2026-08-22
Q3699117,cuisine of the province of Como,cucina del Lago di Como,Italy,42.50000,12.50000,310,Misoltin|Paradello|Zincarlin,https://www.wikidata.org/wiki/Q3699117|https://it.wikipedia.org/wiki/Cucina_comasca,,2026-08-22
Q3699126,Emilian cuisine,Cucina emiliana,Italy,42.50000,12.50000,310,tortellini|gnocco fritto|maccheroni al pettine|Aceto balsamico tradizionale di Modena PDO,https://www.wikidata.org/wiki/Q3699126|https://en.wikipedia.org/wiki/Emilian_cuisine|https://it.wikipedia.org/wiki/Cucina_emiliana,,2026-08-22
Q3699146,Roman cuisine,cucina romana,Italy,41.89306,12.48278,25,Coda alla vaccinara|abbacchio|Coratella|Cencio la Parolaccia|cacio e pepe|pinsa,https://www.wikidata.org/wiki/Q3699146|https://en.wikipedia.org/wiki/Roman_cuisine|https://it.wikipedia.org/wiki/Cucina_romana,,2026-08-22
Q3277325,Slovenian cuisine,slovenska kuhinja,Slovenia,46.00000,15.00000,80,kasha|Posolanka|buckwheat porridge,https://www.wikidata.org/wiki/Q3277325|https://en.wikipedia.org/wiki/Slovenian_cuisine|https://sl.wikipedia.org/wiki/Seznam_slovenskih_narodnih_jedi,,2026-08-22
Q3444032,Dominican Republic cuisine,gastronomía de la República Dominicana,Dominican Republic,18.80000,-70.20000,124,Au 23|Yaroa|Olive & Oregano,https://www.wikidata.org/wiki/Q3444032|https://en.wikipedia.org/wiki/Dominican_Republic_cuisine|https://es.wikipedia.org/wiki/Gastronom%C3%ADa_de_la_Rep%C3%BAblica_Dominicana,yes,2026-08-22
Q4115061,New Zealand cuisine,New Zealand cuisine,New Zealand,-41.20000,174.00000,292,fish and chips|pavlova|Anzac biscuit|Zucchini slice,https://www.wikidata.org/wiki/Q4115061|https://en.wikipedia.org/wiki/New_Zealand_cuisine|https://en.wikipedia.org/wiki/New_Zealand_cuisine,yes,2026-08-22
Q4119264,Syrian cuisine,مطبخ سوري,Syria,35.21667,38.58333,243,hummus|taboon bread|Jibneh Arabieh|qatayef|Eggplant jam|Halawet el Jibn,https://www.wikidata.org/wiki/Q4119264|https://en.wikipedia.org/wiki/Syrian_cuisine|https://ar.wikipedia.org/wiki/%D9%85%D8%B7%D8%A8%D8%AE_%D8%B3%D9%88%D8%B1%D9%8A,,2026-08-22
Q4855470,Bangladeshi cuisine,বাংলাদেশী রন্ধনশৈলী,Bangladesh,24.01667,89.86667,217,thali|zarda|Chhanamukhi|Shemai|sorshe ilish|Durus kura,https://www.wikidata.org/wiki/Q4855470|https://en.wikipedia.org/wiki/Bangladeshi_cuisine|https://bn.wikipedia.org/wiki/%E0%A6%AC%E0%A6%BE%E0%A6%82%E0%A6%B2%E0%A6%BE%E0%A6%A6%E0%A7%87%E0%A6%B6%E0%A7%80_%E0%A6%B0%E0%A6%A8%E0%A7%8D%E0%A6%A7%E0%A6%A8%E0%A6%B6%E0%A7%88%E0%A6%B2%E0%A7%80,,2026-08-22
Q5361328,Kyrgyz cuisine,Кыргыз ашканасы,Kyrgyzstan,41.00000,75.00000,252,pilaf|beşbarmaq|chorba|oromo|Kazy|Kattama,https://www.wikidata.org/wiki/Q5361328|https://en.wikipedia.org/wiki/Kyrgyz_cuisine|https://ky.wikipedia.org/wiki/%D0%9A%D1%8B%D1%80%D0%B3%D1%8B%D0%B7_%D0%B0%D1%88%D0%BA%D0%B0%D0%BD%D0%B0%D1%81%D1%8B,,2026-08-22
Q7005323,New American cuisine,Nueva cocina estadounidense,United States,39.82818,-98.57950,600,Clinton St. Baking Company & Restaurant|Gotham Bar and Grill|Gramercy Tavern|King's Carriage House|The Four Seasons Restaurant|Union Square Cafe,https://www.wikidata.org/wiki/Q7005323|https://en.wikipedia.org/wiki/New_American_cuisine|https://es.wikipedia.org/wiki/Nueva_cocina_estadounidense,,2026-08-22
Q7033037,Nigerian cuisine,Nigerian cuisine,Nigeria,9.00000,8.00000,542,moin moin|suya|palm nut soup|Ofada rice|Edikang Ikong|Akadi,https://www.wikidata.org/wiki/Q7033037|https://en.wikipedia.org/wiki/Nigerian_cuisine|https://en.wikipedia.org/wiki/Nigerian_cuisine,,2026-08-22
Q40606,Finnish cuisine,suomalainen keittiö,Finland,65.00000,27.00000,328,kalakukko|joulutorttu|semla|strong beer|Lohikeitto|Karelian hot pot,https://www.wikidata.org/wiki/Q40606|https://en.wikipedia.org/wiki/Finnish_cuisine|https://fi.wikipedia.org/wiki/Suomalainen_keitti%C3%B6,,2026-08-22
Q42029,Austrian cuisine,österreichische Küche,Austria,48.00000,14.00000,163,spätzle|Dampfnudel|pancake|strudel|Sachertorte|potato salad,https://www.wikidata.org/wiki/Q42029|https://en.wikipedia.org/wiki/Austrian_cuisine|https://de.wikipedia.org/wiki/%C3%96sterreichische_K%C3%BCche,,2026-08-22
Q47176,Lombard cuisine,cucina lombarda,Italy,42.50000,12.50000,310,gremolata|Taneda|Pan meino|Pan dei morti,https://www.wikidata.org/wiki/Q47176|https://en.wikipedia.org/wiki/Lombard_cuisine|https://it.wikipedia.org/wiki/Cucina_lombarda,,2026-08-22
Q47948,cuisine of Veneto,cucina veneta,Italy,42.50000,12.50000,310,Sarde in saor PAT|Coniglio veneto PAT|risi e bisi|Cassopipa PAT|Smegiassa PAT,https://www.wikidata.org/wiki/Q47948|https://en.wikipedia.org/wiki/Venetian_cuisine|https://it.wikipedia.org/wiki/Cucina_veneta,,2026-08-22
Q616698,Abruzzese cuisine,cucina abruzzese,Italy,42.50000,12.50000,310,Fiadone|arrosticini|Brodetto alla vastese|centerbe|mortadella di Campotosto,https://www.wikidata.org/wiki/Q616698|https://en.wikipedia.org/wiki/Abruzzese_cuisine|https://it.wikipedia.org/wiki/Cucina_abruzzese,,2026-08-22
Q691365,Sichuan cuisine,cuisine sichuanaise,People's Republic of China,35.84472,103.45194,600,laziji|Mouth-watering Chicken|yuxiang qiezi‎|yuxiangrousi|suancaiyu|Wing's Chinese Restaurant,https://www.wikidata.org/wiki/Q691365|https://en.wikipedia.org/wiki/Sichuan_cuisine,,2026-08-22
Q966423,Neapolitan cuisine,cucina napoletana,Italy,42.50000,12.50000,310,Pastiera|crocchè|Casatiello,https://www.wikidata.org/wiki/Q966423|https://en.wikipedia.org/wiki/Neapolitan_cuisine|https://it.wikipedia.org/wiki/Cucina_napoletana,,2026-08-22
Q1036629,Hong Kong cuisine,香港饮食文化,People's Republic of China,35.84472,103.45194,600,cha chaan teng|rice noodle roll|baked pork chop rice|Tim Ho Wan|cursory rice|custard mooncake,https://www.wikidata.org/wiki/Q1036629|https://en.wikipedia.org/wiki/Hong_Kong_cuisine,,2026-08-22
Q1154790,Cantonese cuisine,粤菜,People's Republic of China,35.84472,103.45194,600,turnip cake|Wong Kei|har gow|siu mei|char siu|gu lou juk,https://www.wikidata.org/wiki/Q1154790|https://en.wikipedia.org/wiki/Cantonese_cuisine,,2026-08-22
Q1206613,Beijing cuisine,Pekingi köök,People's Republic of China,35.84472,103.45194,600,Peking duck|Tōkasai-kan|red bean paste bun|Wing's Chinese Restaurant,https://www.wikidata.org/wiki/Q1206613|https://en.wikipedia.org/wiki/Beijing_cuisine,,2026-08-22
Q47629,German cuisine,deutsche Küche,Germany,51.00000,10.00000,337,Labskaus|Dampfnudel|stollen|strudel|potato salad|potato pancake,https://www.wikidata.org/wiki/Q47629|https://en.wikipedia.org/wiki/German_cuisine|https://de.wikipedia.org/wiki/Deutsche_K%C3%BCche,,2026-08-22
Q192786,Italian cuisine,cucina italiana,Italy,42.50000,12.50000,310,John's of Bleecker Street|Juliana's Pizza|Kesté|Antico Pizza|Nicky Blair's|Tony's Pizza Napoletana,https://www.wikidata.org/wiki/Q192786|https://en.wikipedia.org/wiki/Italian_cuisine|https://it.wikipedia.org/wiki/Cucina_italiana,,2026-08-22
Q2740486,cuisine of New England,מטבח ניו אינגלנד,United States,39.82818,-98.57950,600,Boston baked beans|clam cake|Parker House roll|beach pizza,https://www.wikidata.org/wiki/Q2740486|https://en.wikipedia.org/wiki/Cuisine_of_New_England,,2026-08-22
Q5192766,cuisine of California,Culinária da Califórnia,United States,39.82818,-98.57950,600,Hangtown fry|celery Victor|green goddess dressing|Oysters Kirkpatrick|El Dorado Kitchen,https://www.wikidata.org/wiki/Q5192766|https://en.wikipedia.org/wiki/Cuisine_of_California,,2026-08-22
Q2234037,Sri Lankan cuisine,இலங்கை உணவு முறைகள்,Sri Lanka,7.00000,81.00000,145,thali|Maldive fish|Aliyaa,https://www.wikidata.org/wiki/Q2234037|https://en.wikipedia.org/wiki/Sri_Lankan_cuisine|https://ta.wikipedia.org/wiki/%E0%AE%87%E0%AE%B2%E0%AE%99%E0%AF%8D%E0%AE%95%E0%AF%88_%E0%AE%89%E0%AE%A3%E0%AE%B5%E0%AF%81_%E0%AE%AE%E0%AF%81%E0%AE%B1%E0%AF%88%E0%AE%95%E0%AE%B3%E0%AF%8D,,2026-08-22
Q2345196,Turkmen cuisine,туркменская кухня,Turkmenistan,39.00000,60.00000,395,pilaf|beşbarmaq|chorba|Kuyrdak,https://www.wikidata.org/wiki/Q2345196|https://en.wikipedia.org/wiki/Turkmen_cuisine,,2026-08-22
Q2560444,Haitian cuisine,cuisine haïtienne,Haiti,19.00000,-72.80000,94,soup joumou|Haitian patty|Le Soleil,https://www.wikidata.org/wiki/Q2560444|https://en.wikipedia.org/wiki/Haitian_cuisine|https://fr.wikipedia.org/wiki/Cuisine_ha%C3%AFtienne,,2026-08-22
Q2564183,Bhutanese cuisine,འབྲུག་པའི་བཞེས་སྒོ།,Bhutan,27.45000,90.50000,111,momo|Ema datshi|kewa datshi,https://www.wikidata.org/wiki/Q2564183|https://en.wikipedia.org/wiki/Bhutanese_cuisine|https://dz.wikipedia.org/wiki/%E0%BD%A0%E0%BD%96%E0%BE%B2%E0%BD%B4%E0%BD%82%E0%BC%8B%E0%BD%94%E0%BD%A0%E0%BD%B2%E0%BC%8B%E0%BD%96%E0%BD%9E%E0%BD%BA%E0%BD%A6%E0%BC%8B%E0%BD%A6%E0%BE%92%E0%BD%BC%E0%BC%8D,,2026-08-22
Q2915172,Jordanian cuisine,مطبخ أردني,Jordan,31.20000,36.50000,169,taboon bread|qatayef|stuffed squash|galayet bandora,https://www.wikidata.org/wiki/Q2915172|https://en.wikipedia.org/wiki/Jordanian_cuisine|https://ar.wikipedia.org/wiki/%D9%85%D8%B7%D8%A8%D8%AE_%D8%A3%D8%B1%D8%AF%D9%86%D9%8A,,2026-08-22
Q3006881,Algerian cuisine,مطبخ جزائري,Algeria,28.00000,1.00000,600,couscous|Pastilla|Calentica|frita|Maghlouga|Zviti,https://www.wikidata.org/wiki/Q3006881|https://en.wikipedia.org/wiki/Algerian_cuisine|https://ar.wikipedia.org/wiki/%D9%85%D8%B7%D8%A8%D8%AE_%D8%AC%D8%B2%D8%A7%D8%A6%D8%B1%D9%8A,,2026-08-22
Q3006895,Bolivian cuisine,gastronomía de Bolivia,Bolivia,-17.05687,-64.99123,591,coca tea|salteña|Locro|anticucho|Chola sandwich|Bolivian restaurant,https://www.wikidata.org/wiki/Q3006895|https://en.wikipedia.org/wiki/Bolivian_cuisine|https://es.wikipedia.org/wiki/Gastronom%C3%ADa_de_Bolivia,,2026-08-22
Q3006970,Paraguayan cuisine,gastronomía de Paraguay,Paraguay,-23.50000,-58.00000,360,sopa paraguaya|dulce de batata|piracaldo|Paraguay cheese,https://www.wikidata.org/wiki/Q3006970|https://en.wikipedia.org/wiki/Paraguayan_cuisine|https://es.wikipedia.org/wiki/Gastronom%C3%ADa_de_Paraguay,,2026-08-22
Q3006994,Tajik cuisine,cuisine tadjike,Tajikistan,38.58333,71.36667,213,pilaf|chorba|Mastava|Nisholda|Shakarap|Qurutob,https://www.wikidata.org/wiki/Q3006994|https://en.wikipedia.org/wiki/Tajik_cuisine,,2026-08-22
Q1193132,Latvian cuisine,latviešu virtuve,Latvia,57.00000,25.00000,140,cold borscht|kvass|aspic|Sklandrausis|blodpalt|cabbage roll,https://www.wikidata.org/wiki/Q1193132|https://en.wikipedia.org/wiki/Latvian_cuisine|https://lv.wikipedia.org/wiki/Latvie%C5%A1u_virtuve,,2026-08-22
Q385996,Canarian cuisine,gastronomía de las Islas Canarias,Spain,28.00000,-15.75000,49,Canarian wrinkly potatoes|mojo|Almogrote,https://www.wikidata.org/wiki/Q385996|https://en.wikipedia.org/wiki/Canarian_cuisine|https://es.wikipedia.org/wiki/Gastronom%C3%ADa_de_Canarias,,2026-08-22
Q489789,Andalusian cuisine,gastronomía de Andalucía,Spain,40.20000,-3.50000,401,ajoblanco|gachas|Tocino de cielo|Migas|chicharrón|Gazpachuelo,https://www.wikidata.org/wiki/Q489789|https://en.wikipedia.org/wiki/Andalusian_cuisine|https://es.wikipedia.org/wiki/Gastronom%C3%ADa_de_Andaluc%C3%ADa,,2026-08-22
Q960320,Castilian-Manchego cuisine,gastronomía de Castilla-La Mancha,Spain,39.50001,-3.00003,159,Atascaburras|duelos y quebrantos|morteruelo,https://www.wikidata.org/wiki/Q960320|https://en.wikipedia.org/wiki/Manchego_cuisine|https://es.wikipedia.org/wiki/Gastronom%C3%ADa_de_Castilla-La_Mancha,,2026-08-22
Q1223242,Valencian cuisine,gastronomía de la Comunidad Valenciana,Spain,39.50000,-0.75000,86,paella|arnadí|orelletes|Arròs negre|Esgarrat|Arròs al forn,https://www.wikidata.org/wiki/Q1223242|https://en.wikipedia.org/wiki/Valencian_cuisine|https://es.wikipedia.org/wiki/Gastronom%C3%ADa_de_la_Comunidad_Valenciana,,2026-08-22
Q1492077,Galician cuisine,gastronomía de Galicia,Spain,42.80000,-7.90000,97,Tarta de Santiago|Galician empanada|Caldo galego|Lacón Gallego|polbo á feira|orelletes,https://www.wikidata.org/wiki/Q1492077|https://en.wikipedia.org/wiki/Galician_cuisine|https://es.wikipedia.org/wiki/Gastronom%C3%ADa_de_Galicia,,2026-08-22
Q1735570,Catalan cuisine,gastronomía de Cataluña,Spain,41.85000,1.56667,101,crema catalana|Sarsuela|mató|orelletes|Arròs negre|samfaina,https://www.wikidata.org/wiki/Q1735570|https://en.wikipedia.org/wiki/Catalan_cuisine|https://es.wikipedia.org/wiki/Gastronom%C3%ADa_de_Catalu%C3%B1a,,2026-08-22
Q4308223,cuisine of the Region of Murcia,gastronomía de la Región de Murcia,Spain,38.00000,-1.83333,60,caldero|michirones|Calasparra rice|crespillo|Campo de Cartagena|Jallullo,https://www.wikidata.org/wiki/Q4308223|https://es.wikipedia.org/wiki/Gastronom%C3%ADa_de_la_Regi%C3%B3n_de_Murcia,,2026-08-22
Q16268311,cuisine of the province of Modena,cucina modenese,Italy,44.55000,10.88333,29,tortellini|Parmesan|Zampone Modena PGI|Cotechino Modena PGI|Sassolino|torta Barozzi,https://www.wikidata.org/wiki/Q16268311|https://it.wikipedia.org/wiki/Cucina_modenese,,2026-08-22
Q122059184,Minnesotan cuisine,кухня Миннесоты,United States,46.00000,-94.00000,268,Minnesota sushi|Hot beef commercial|Wild rice salad,https://www.wikidata.org/wiki/Q122059184|https://en.wikipedia.org/wiki/Cuisine_of_Minnesota,,2026-08-22
Q136726,Singaporean cuisine,Singaporean cuisine,Singapore,1.30000,103.80000,25,satay|nasi goreng|thali|Hainanese chicken rice|gulai,https://www.wikidata.org/wiki/Q136726|https://en.wikipedia.org/wiki/Singaporean_cuisine|https://en.wikipedia.org/wiki/Singaporean_cuisine,,2026-08-22
Q139430,Cambodian cuisine,សិល្បៈធ្វើម្ហូបខ្មែរ,Cambodia,12.50000,105.00000,240,thali|Num Pang|Chha kh'nhei|Le Petit Cambodge|Phnom Penh Noodle House|Cha kroeung,https://www.wikidata.org/wiki/Q139430|https://en.wikipedia.org/wiki/Cambodian_cuisine|https://km.wikipedia.org/wiki/%E1%9E%A2%E1%9E%B6%E1%9E%A0%E1%9E%B6%E1%9E%9A%E1%9E%81%E1%9F%92%E1%9E%98%E1%9F%82%E1%9E%9A,,2026-08-22
Q180817,Portuguese cuisine,culinária portuguesa,Portugal,38.70000,-9.18333,171,Francesinha|gazpacho|Bacalhau à Brás|arroz de marisco|cocido|feijoada,https://www.wikidata.org/wiki/Q180817|https://en.wikipedia.org/wiki/Portuguese_cuisine|https://pt.wikipedia.org/wiki/Gastronomia_de_Portugal,,2026-08-22
Q579500,Argentine cuisine,Gastronomía de Argentina,Argentina,-34.00000,-64.00000,600,Argentine pizza|Rogel|Ox (Portland  Oregon)|Bondiola sandwich|Jesuita (sandwich)|Argentinian restaurant,https://www.wikidata.org/wiki/Q579500|https://en.wikipedia.org/wiki/Argentine_cuisine|https://es.wikipedia.org/wiki/Gastronom%C3%ADa_de_Argentina,,2026-08-22
Q614394,Brazilian cuisine,culinária brasileira,Brazil,-14.00000,-53.00000,600,feijoada|coxinha|beijinho|Bauru|Bobó de camarão|brigadeiro,https://www.wikidata.org/wiki/Q614394|https://en.wikipedia.org/wiki/Brazilian_cuisine|https://pt.wikipedia.org/wiki/Culin%C3%A1ria_do_Brasil,,2026-08-22
Q622512,Spanish cuisine,gastronomía de España,Spain,40.20000,-3.50000,401,turrón|gazpacho|tapas|Spanish omelette|cochinillo de Segovia|Chistorra,https://www.wikidata.org/wiki/Q622512|https://en.wikipedia.org/wiki/Spanish_cuisine|https://es.wikipedia.org/wiki/Gastronom%C3%ADa_de_Espa%C3%B1a,,2026-08-22
Q257508,Ethiopian cuisine,эфиопская кухня,Ethiopia,9.00000,40.00000,593,Lion of Judah Ethiopian American Cuisine|Ga'at|shamēta|k’urit’i|k’ik’ili|Messob,https://www.wikidata.org/wiki/Q257508|https://en.wikipedia.org/wiki/Ethiopian_cuisine,,2026-08-22
Q264327,Hungarian cuisine,magyar konyha,Hungary,47.00000,19.00000,172,sour cherry soup|goulash|Zwetschkenknödel|Esterházy torte|Liptauer|lecsó,https://www.wikidata.org/wiki/Q264327|https://en.wikipedia.org/wiki/Hungarian_cuisine|https://hu.wikipedia.org/wiki/Magyar_konyham%C5%B1v%C3%A9szet,,2026-08-22
Q265309,Romanian cuisine,bucătăria românească,Romania,46.00000,25.00000,275,borscht|Zwetschkenknödel|Papanași|stuffed peppers|Tarama|Frigărui,https://www.wikidata.org/wiki/Q265309|https://en.wikipedia.org/wiki/Romanian_cuisine|https://ro.wikipedia.org/wiki/Buc%C4%83t%C4%83ria_rom%C3%A2neasc%C4%83,,2026-08-22
Q383096,Afghan cuisine,Afgʻon oshxonasi,Afghanistan,33.00000,66.00000,456,pilaf|thali|falooda|Kabuli pulaw|Teaneck Kebab House|Nisholda,https://www.wikidata.org/wiki/Q383096|https://en.wikipedia.org/wiki/Afghan_cuisine|https://uz.wikipedia.org/wiki/Afg%CA%BBon_oshxonasi,,2026-08-22
Q387580,Bulgarian cuisine,Българска кухня,Bulgaria,42.75000,25.50000,188,sauerkraut|Imam Bayıldı|stuffed peppers|banitsa|Patatnik|Pinđur,https://www.wikidata.org/wiki/Q387580|https://en.wikipedia.org/wiki/Bulgarian_cuisine|https://bg.wikipedia.org/wiki/%D0%91%D1%8A%D0%BB%D0%B3%D0%B0%D1%80%D1%81%D0%BA%D0%B0_%D0%BA%D1%83%D1%85%D0%BD%D1%8F,,2026-08-22
Q388672,Kazakh cuisine,казахская кухня,Kazakhstan,48.00000,68.00000,600,pilaf|beşbarmaq|chorba|oromo|belyash|Kazy,https://www.wikidata.org/wiki/Q388672|https://en.wikipedia.org/wiki/Kazakh_cuisine|https://ru.wikipedia.org/wiki/%D0%9A%D0%B0%D0%B7%D0%B0%D1%85%D1%81%D0%BA%D0%B0%D1%8F_%D0%BA%D1%83%D1%85%D0%BD%D1%8F,,2026-08-22
Q207965,Mexican cuisine,gastronomía de México,Mexico,23.00000,-102.00000,600,pico de gallo|taco|guacamole|nachos|pozole|El Torito,https://www.wikidata.org/wiki/Q207965|https://en.wikipedia.org/wiki/Mexican_cuisine|https://es.wikipedia.org/wiki/Gastronom%C3%ADa_de_M%C3%A9xico,,2026-08-22
Q192087,Indian cuisine,भारतीय खाना,India,22.80000,83.00000,600,Dal makhani|baingan bartha|fish and chips|naan|masala chai|idli,https://www.wikidata.org/wiki/Q192087|https://en.wikipedia.org/wiki/Indian_cuisine|https://hi.wikipedia.org/wiki/%E0%A4%AD%E0%A4%BE%E0%A4%B0%E0%A4%A4%E0%A5%80%E0%A4%AF_%E0%A4%96%E0%A4%BE%E0%A4%A8%E0%A4%BE,,2026-08-22
Q4783734,Aragonese cuisine,gastronomía de Aragón,Spain,41.00000,-1.00000,123,Chistorra|regañao|Figatell|Pan de cañada,https://www.wikidata.org/wiki/Q4783734|https://en.wikipedia.org/wiki/Aragonese_cuisine|https://es.wikipedia.org/wiki/Gastronom%C3%ADa_de_Arag%C3%B3n,,2026-08-22
Q11374408,cuisine of Kyoto,京料理,Japan,35.00000,136.00000,347,Isshisoden Nakamura|Maeda|Shimogamosaryo,https://www.wikidata.org/wiki/Q11374408|https://ja.wikipedia.org/wiki/%E4%BA%AC%E6%96%99%E7%90%86,,2026-08-22
Q16821205,Jamaican cuisine,Jamaican cuisine,Jamaica,18.18000,-77.40000,59,Stew peas|Rasta Pasta|Patois,https://www.wikidata.org/wiki/Q16821205|https://en.wikipedia.org/wiki/Jamaican_cuisine|https://en.wikipedia.org/wiki/Jamaican_cuisine,,2026-08-22
Q19360432,Lithuanian cuisine,Lietuviška virtuvė,Lithuania,55.20000,24.00000,144,borscht|cold borscht|kvass|zrazy|aspic|kibinai,https://www.wikidata.org/wiki/Q19360432|https://en.wikipedia.org/wiki/Lithuanian_cuisine|https://lt.wikipedia.org/wiki/Lietuvi%C5%A1ka_virtuv%C4%97,,2026-08-22
Q30681835,North Korean cuisine,조선민주주의인민공화국 요리,North Korea,40.00000,127.00000,196,Ongryugwan|Sungeoguk|pyeonsu|injo-gogi-bap|injo-gogi|Paensae,https://www.wikidata.org/wiki/Q30681835|https://en.wikipedia.org/wiki/North_Korean_cuisine|https://ko.wikipedia.org/wiki/%EC%A1%B0%EC%84%A0%EB%AF%BC%EC%A3%BC%EC%A3%BC%EC%9D%98%EC%9D%B8%EB%AF%BC%EA%B3%B5%ED%99%94%EA%B5%AD_%EC%9A%94%EB%A6%AC,,2026-08-22
Q104414130,South Korean cuisine,대한민국 요리,South Korea,36.00000,128.00000,179,hodu-gwaja|dak-galbi|chalbori-ppang|jjolmyeon|milmyeon|rabokki,https://www.wikidata.org/wiki/Q104414130|https://en.wikipedia.org/wiki/South_Korean_cuisine|https://ko.wikipedia.org/wiki/%EB%8C%80%ED%95%9C%EB%AF%BC%EA%B5%AD_%EC%9A%94%EB%A6%AC,,2026-08-22
Q783010,Australian cuisine,Australian cuisine,Australia,-25.00000,133.00000,600,kangaroo meat|Anzac biscuit|Flake|sausage sizzle|steak and eggs|Zucchini slice,https://www.wikidata.org/wiki/Q783010|https://en.wikipedia.org/wiki/Australian_cuisine|https://en.wikipedia.org/wiki/Australian_cuisine,,2026-08-22
Q787497,Indonesian cuisine,masakan Indonesia,Indonesia,-2.00000,118.00000,600,emping|Tempeh|satay|gado-gado|nasi goreng|brem,https://www.wikidata.org/wiki/Q787497|https://en.wikipedia.org/wiki/Indonesian_cuisine|https://id.wikipedia.org/wiki/Hidangan_Indonesia,,2026-08-22
Q234138,Japanese cuisine,日本料理,Japan,35.00000,136.00000,347,onigiri|sushi|kamaboko|monjayaki|tofu|sashimi,https://www.wikidata.org/wiki/Q234138|https://en.wikipedia.org/wiki/Japanese_cuisine|https://ja.wikipedia.org/wiki/%E6%97%A5%E6%9C%AC%E6%96%99%E7%90%86,,2026-08-22
Q654493,Turkish cuisine,Türk mutfağı,Turkey,39.00000,36.00000,499,doner kebab|Imam Bayıldı|İskender kebap|Adana kebabı|pilaf|rakı,https://www.wikidata.org/wiki/Q654493|https://en.wikipedia.org/wiki/Turkish_cuisine|https://tr.wikipedia.org/wiki/T%C3%BCrk_mutfa%C4%9F%C4%B1,,2026-08-22
Q684343,Armenian cuisine,Հայկական խոհանոց,Armenia,40.38333,44.95000,97,Imam Bayıldı|pilaf|lavash|baba ghanoush|khash|harees,https://www.wikidata.org/wiki/Q684343|https://en.wikipedia.org/wiki/Armenian_cuisine|https://hy.wikipedia.org/wiki/%D5%80%D5%A1%D5%B5%D5%AF%D5%A1%D5%AF%D5%A1%D5%B6_%D5%AD%D5%B8%D5%B0%D5%A1%D5%B6%D5%B8%D6%81,,2026-08-22
Q707908,Taiwanese cuisine,Tâi-oân liāu-lí,Taiwan,24.00000,121.00000,107,pineapple cake|tea egg|Ló͘-bah-pn̄g|xiaolongbao|Small sausage in large sausage|Ta-a noodles,https://www.wikidata.org/wiki/Q707908|https://en.wikipedia.org/wiki/Taiwanese_cuisine,,2026-08-22
Q5876017,cuisine of the province of Almería,gastronomía de la provincia de Almería,Spain,37.01861,-2.44472,53,Lomo a la orza|patatas a lo pobre|Olla de trigo,https://www.wikidata.org/wiki/Q5876017|https://es.wikipedia.org/wiki/Gastronom%C3%ADa_de_la_provincia_de_Almer%C3%ADa,,2026-08-22
Q56604778,Venetian cuisine,Cucina veneziana,Italy,45.43972,12.33194,25,Baccalà alla vicentina|fegato alla Veneziana|Frittelle|Pesca bianca di Venezia PAT,https://www.wikidata.org/wiki/Q56604778|https://it.wikipedia.org/wiki/Cucina_veneziana,,2026-08-22
Q841984,Thai cuisine,อาหารไทย,Thailand,14.00000,101.00000,404,Khao man gai|Nam ngiao|fish sauce|green curry|pad thai|tom yum,https://www.wikidata.org/wiki/Q841984|https://en.wikipedia.org/wiki/Thai_cuisine|https://th.wikipedia.org/wiki/%E0%B8%AD%E0%B8%B2%E0%B8%AB%E0%B8%B2%E0%B8%A3%E0%B9%84%E0%B8%97%E0%B8%A2,,2026-08-22
Q846275,Eritrean cuisine,Eritrean cuisine,Eritrea,15.48333,38.25000,193,Ga'at|Le Selam|Bar Zilli,https://www.wikidata.org/wiki/Q846275|https://en.wikipedia.org/wiki/Eritrean_cuisine|https://en.wikipedia.org/wiki/Eritrean_cuisine,,2026-08-22
Q871595,Czech cuisine,česká kuchyně,Czech Republic,50.00000,15.00000,158,strudel|potato salad|potato pancake|sauerkraut|Buchteln|Zwetschkenknödel,https://www.wikidata.org/wiki/Q871595|https://en.wikipedia.org/wiki/Czech_cuisine|https://cs.wikipedia.org/wiki/%C4%8Cesk%C3%A1_kuchyn%C4%9B,,2026-08-22
Q909057,Colombian cuisine,gastronomía de Colombia,Colombia,4.00000,-73.25000,600,arepa|Puchero|Cholado|Pandebono|Calentao|Pueblito Viejo,https://www.wikidata.org/wiki/Q909057|https://en.wikipedia.org/wiki/Colombian_cuisine|https://es.wikipedia.org/wiki/Gastronom%C3%ADa_de_Colombia,,2026-08-22
Q918277,British cuisine,British cuisine,United Kingdom,54.60000,-2.00000,278,Melba toast|Battenberg cake|ploughman's lunch|rich tea|English muffin|cobbler,https://www.wikidata.org/wiki/Q918277|https://en.wikipedia.org/wiki/British_cuisine|https://en.wikipedia.org/wiki/British_cuisine,,2026-08-22
Q929239,Lebanese cuisine,مطبخ بلاد الشام,Lebanon,33.83333,35.76667,58,Jibneh Arabieh|qatayef|Aladdin's Eatery|Boustan|stuffed squash|Meghli,https://www.wikidata.org/wiki/Q929239|https://en.wikipedia.org/wiki/Lebanese_cuisine|https://ar.wikipedia.org/wiki/%D9%85%D8%B7%D8%A8%D8%AE_%D9%84%D8%A8%D9%86%D8%A7%D9%86%D9%8A,,2026-08-22
Q792312,cuisine of Belgium,cuisine de Belgique,Belgium,50.64111,4.66806,99,carbonade flamande|Waterzooi|steak tartare|moules-frites|friterie|Paling in 't groen,https://www.wikidata.org/wiki/Q792312|https://en.wikipedia.org/wiki/Belgian_cuisine|https://fr.wikipedia.org/wiki/Cuisine_belge,,2026-08-22
Q826059,Vietnamese cuisine,ẩm thực Việt Nam,Vietnam,16.00000,108.00000,325,coconut candy|bánh bao|nước chấm|Bánh tráng|cốm|Lee's Sandwiches,https://www.wikidata.org/wiki/Q826059|https://en.wikipedia.org/wiki/Vietnamese_cuisine|https://vi.wikipedia.org/wiki/%E1%BA%A8m_th%E1%BB%B1c_Vi%E1%BB%87t_Nam,,2026-08-22
Q954489,Slovak cuisine,slovenská kuchyňa,Slovakia,48.70000,19.70000,125,Liptauer|egg barley|trdelník|Bryndzové halušky|cabbage stew a la Székely|halušky,https://www.wikidata.org/wiki/Q954489|https://en.wikipedia.org/wiki/Slovak_cuisine|https://sk.wikipedia.org/wiki/Slovensk%C3%A1_kuchy%C5%88a,,2026-08-22
Q1036498,Iraqi cuisine,مطبخ عراقي,Iraq,33.00000,43.00000,373,amba|Qema|ِAbbas bread,https://www.wikidata.org/wiki/Q1036498|https://en.wikipedia.org/wiki/Iraqi_cuisine|https://ar.wikipedia.org/wiki/%D9%85%D8%B7%D8%A8%D8%AE_%D8%B9%D8%B1%D8%A7%D9%82%D9%8A,,2026-08-22
Q1069518,Estonian cuisine,Eesti köök,Estonia,59.00000,26.00000,120,kvass|aspic|Smörgåstårta|egg butter|cabbage roll|glogg,https://www.wikidata.org/wiki/Q1069518|https://en.wikipedia.org/wiki/Estonian_cuisine|https://et.wikipedia.org/wiki/Eesti_k%C3%B6%C3%B6k,,2026-08-22
Q458851,Bavarian cuisine,Bayerische Küche,Germany,51.00000,10.00000,337,Rumford's Soup|Leberkäse|Weisswurst|Bayrisch Kraut|Sweet Bavarian mustard|Biergarten Restaurant,https://www.wikidata.org/wiki/Q458851|https://en.wikipedia.org/wiki/Bavarian_cuisine|https://de.wikipedia.org/wiki/Altbayerische_K%C3%BCche,,2026-08-22
Q821615,cuisine of Berlin,Berliner Küche,Germany,51.00000,10.00000,337,solyanka|Futschi|pea porridge,https://www.wikidata.org/wiki/Q821615|https://en.wikipedia.org/wiki/Cuisine_of_Berlin|https://de.wikipedia.org/wiki/Berliner_K%C3%BCche,,2026-08-22
Q744027,Greek cuisine,Ελληνική κουζίνα,Greece,38.50000,23.00000,205,Greek salad|Imam Bayıldı|tzatziki|baba ghanoush|Tarama|avgolemono,https://www.wikidata.org/wiki/Q744027|https://en.wikipedia.org/wiki/Greek_cuisine|https://el.wikipedia.org/wiki/%CE%95%CE%BB%CE%BB%CE%B7%CE%BD%CE%B9%CE%BA%CE%AE_%CE%BA%CE%BF%CF%85%CE%B6%CE%AF%CE%BD%CE%B1,,2026-08-22
Q749847,Peruvian cuisine,gastronomía del Perú,Peru,-9.40000,-76.00000,600,chicha morada|stuffed peppers|coca tea|Locro|picarón|anticucho,https://www.wikidata.org/wiki/Q749847|https://en.wikipedia.org/wiki/Peruvian_cuisine|https://es.wikipedia.org/wiki/Gastronom%C3%ADa_del_Per%C3%BA,,2026-08-22
Q756020,Polish cuisine,kuchnia polska,Poland,52.00000,19.00000,315,borscht|pancake|cold borscht|zapiekanka|potato salad|potato pancake,https://www.wikidata.org/wiki/Q756020|https://en.wikipedia.org/wiki/Polish_cuisine|https://pl.wikipedia.org/wiki/Kuchnia_polska,,2026-08-22
Q772247,Malaysian cuisine,Masakan Malaysia,Malaysia,3.78051,102.31436,324,nasi goreng|thali|asam rong|Restoran Siti Fatimah|Banana Tree|Kedai Makan,https://www.wikidata.org/wiki/Q772247|https://en.wikipedia.org/wiki/Malaysian_cuisine|https://ms.wikipedia.org/wiki/Masakan_Malaysia,,2026-08-22
Q2732159,Gujarati cuisine,गुजराती खाना,India,22.80000,83.00000,600,dhokla|Idada|Undhiyu|kuler|Thepla|pipes and potatoes,https://www.wikidata.org/wiki/Q2732159|https://en.wikipedia.org/wiki/Gujarati_cuisine|https://hi.wikipedia.org/wiki/%E0%A4%97%E0%A5%81%E0%A4%9C%E0%A4%B0%E0%A4%BE%E0%A4%A4%E0%A5%80_%E0%A4%96%E0%A4%BE%E0%A4%A8%E0%A4%BE,,2026-08-22
Q3006870,Alsatian cuisine,cuisine alsacienne,France,47.00000,2.00000,453,spätzle|Dampfnudel|Baeckeoffe|Chez Yvonne,https://www.wikidata.org/wiki/Q3006870|https://en.wikipedia.org/wiki/Alsatian_cuisine|https://fr.wikipedia.org/wiki/Cuisine_alsacienne,,2026-08-22
Q3006967,cuisine niçoise,cuisine niçoise,France,47.00000,2.00000,453,bagna càuda|Gianchetti|pan-bagnat|Mesclun|Panisse|Pissalat,https://www.wikidata.org/wiki/Q3006967|https://fr.wikipedia.org/wiki/Cuisine_ni%C3%A7oise,,2026-08-22
Q3006988,Savoy cuisine,cuisine savoyarde,France,47.00000,2.00000,453,abondance|tome des Bauges|Le Pic Savoyard,https://www.wikidata.org/wiki/Q3006988|https://fr.wikipedia.org/wiki/Cuisine_savoyarde,,2026-08-22
Q3006989,cuisine of Provence,cuisine provençale,France,47.00000,2.00000,453,Anchoïade|Escargots à la provençale|Zucchini flower fritters,https://www.wikidata.org/wiki/Q3006989|https://en.wikipedia.org/wiki/Cuisine_of_Provence|https://fr.wikipedia.org/wiki/Cuisine_proven%C3%A7ale,,2026-08-22
Q3595259,Keralan cuisine,केरल का खाना,India,22.80000,83.00000,600,chutney|Parotta|Pundi,https://www.wikidata.org/wiki/Q3595259|https://en.wikipedia.org/wiki/Kerala_cuisine|https://hi.wikipedia.org/wiki/%E0%A4%95%E0%A5%87%E0%A4%B0%E0%A4%B2_%E0%A4%95%E0%A4%BE_%E0%A4%96%E0%A4%BE%E0%A4%A8%E0%A4%BE,,2026-08-22
Q3954967,cuisine of Odisha,ओड़िशा का खाना,India,22.80000,83.00000,600,Dalma|Dahibara Aludam|Red Ant Chutney,https://www.wikidata.org/wiki/Q3954967|https://en.wikipedia.org/wiki/Cuisine_of_Odisha|https://hi.wikipedia.org/wiki/%E0%A4%93%E0%A4%A1%E0%A4%BC%E0%A4%BF%E0%A4%B6%E0%A4%BE_%E0%A4%95%E0%A4%BE_%E0%A4%96%E0%A4%BE%E0%A4%A8%E0%A4%BE,,2026-08-22
Q5192776,Karnataka cuisine,कर्नाटक का खाना,India,22.80000,83.00000,600,Chitranna|Vangibath|Majjige huli|Pundi,https://www.wikidata.org/wiki/Q5192776|https://en.wikipedia.org/wiki/Karnataka_cuisine,,2026-08-22