qid,tier,lat,lon,radius_km,iso
Q682504,ich_unesco,46.45977,6.84225,60,CH
Q713965,ich_unesco,-8.35639,115.07194,60,ID
Q1613073,ich_unesco,50.87750,4.70444,60,BE
Q1711348,ich_unesco,40.65310,47.74060,60,AZ
Q1741199,ich_unesco,58.12850,23.98460,60,EE
Q1749262,ich_unesco,33.59297,130.41045,60,JP
Q1772945,ich_unesco,37.60000,14.01667,60,IT
Q1983449,ich_unesco,51.11580,2.68190,60,BE
Q2115110,ich_unesco,38.26694,-0.69833,60,ES
Q2296569,ich_unesco,43.70167,16.63694,60,HR
Q2371015,ich_unesco,39.47600,-0.37512,60,ES
Q2408955,ich_unesco,-13.54804,-71.23663,60,PE
Q2470659,ich_unesco,50.84671,4.35251,60,BE
Q2500342,ich_unesco,20.74966,-99.94564,60,MX
Q2864645,ich_unesco,47.00000,2.00000,60,FR
Q2939692,ich_unesco,48.83806,-1.58694,60,FR
Q3090993,ich_unesco,29.61028,52.53111,60,IR
Q3130130,ich_unesco,51.20889,3.22417,60,BE
Q3142847,ich_unesco,33.98806,51.44250,60,IR
Q11383026,ich_unesco,35.89111,140.48972,60,JP
Q11411179,ich_unesco,36.23949,137.19788,60,JP
Q11435617,ich_unesco,40.14425,140.80578,60,JP
Q11457147,ich_unesco,35.00497,136.65403,60,JP
Q11465312,ich_unesco,35.17833,136.71861,60,JP
Q11509924,ich_unesco,33.32922,130.93517,60,JP
Q11510099,ich_unesco,36.60905,140.65574,60,JP
Q11511418,ich_unesco,39.53211,141.41714,60,JP
Q11571216,ich_unesco,35.38719,136.93991,60,JP
Q11584632,ich_unesco,35.01277,137.04072,60,JP
Q11596116,ich_unesco,35.99788,139.08400,60,JP
Q11630177,ich_unesco,33.25239,130.36289,60,JP
Q11653306,ich_unesco,35.38264,136.27433,60,JP
Q11661913,ich_unesco,37.04250,136.97167,60,JP
Q11665038,ich_unesco,34.64322,135.98436,60,JP
Q12246208,ich_unesco,28.46196,-11.10635,60,MA
Q12295775,ich_unesco,42.59983,23.03081,60,BG
Q12635607,ich_unesco,45.40000,18.36667,60,HR
Q15265616,ich_unesco,19.34427,-99.09179,60,MX
Q167067,ich_unesco,28.64189,77.23070,60,IN
Q258348,ich_unesco,31.62597,-7.98910,60,MA
Q379831,ich_unesco,39.00000,60.00000,60,AZ
Q493695,ich_unesco,33.44517,129.96740,60,JP
Q618206,ich_unesco,10.18000,-66.75000,60,VE
Q635427,ich_unesco,-8.22667,114.36639,60,ID
Q3339328,ich_unesco,4.05000,9.70000,60,CM
Q3478361,ich_unesco,4.61550,-74.06900,60,CO
Q3504711,ich_unesco,43.15000,16.75000,60,HR
Q4200773,ich_unesco,-7.49167,110.00444,60,ID
Q4789767,ich_unesco,12.74864,4.53822,60,NG
Q4794504,ich_unesco,41.67304,26.57361,60,TR
Q5447340,ich_unesco,-15.84333,-70.02361,60,PE
Q5737902,ich_unesco,38.10750,-1.86000,60,ES
Q5784016,ich_unesco,37.98342,-1.13022,60,ES
Q5886929,ich_unesco,15.50000,-90.25000,60,GT
Q6080166,ich_unesco,35.06544,136.69464,60,JP
Q6349714,ich_unesco,39.60051,140.56143,60,JP
Q6663970,ich_unesco,36.74756,137.01206,60,JP
Q781014,ich_unesco,45.95611,2.16750,60,FR
Q797269,ich_unesco,47.23944,10.73806,60,AT
Q890297,ich_unesco,57.00000,25.00000,60,LT
Q979873,ich_unesco,35.00364,135.77853,60,JP
Q1078316,ich_unesco,-7.19330,112.55300,60,ID
Q1122008,ich_unesco,10.96389,-74.79639,60,CO
Q1143768,ich_unesco,39.47000,-0.37640,60,ES
Q1247385,ich_unesco,49.81167,6.42167,60,LU
Q1282356,ich_unesco,28.07500,119.12083,60,CN
Q1328626,ich_unesco,36.00000,44.00000,60,IR
Q1399796,ich_unesco,1.21000,-77.27472,60,CO
Q1428368,ich_unesco,6.75000,-1.50000,60,GH
Q1433233,ich_unesco,50.77266,3.89033,60,BE
Q1500828,ich_unesco,-17.96667,-67.11667,60,BO
Q7419741,ich_unesco,46.00250,14.02750,60,SI
Q7677467,ich_unesco,36.14825,137.26044,60,JP
Q7849923,ich_unesco,39.75694,140.07083,60,JP
Q11019445,ich_unesco,35.92759,139.48853,60,JP
Q11212511,ich_unesco,23.73324,90.39092,60,BD
Q11318123,ich_unesco,35.14261,139.61881,60,JP
Q11338631,ich_unesco,29.45083,129.60306,60,JP
Q11360316,ich_unesco,34.76642,136.13319,60,JP
Q11370941,ich_unesco,34.91839,136.97067,60,JP
Q35281,ich_unesco,47.56056,7.59056,60,CH
Q35330,ich_unesco,50.41030,4.16516,60,BE
Q18465047,ich_unesco,-19.58917,-65.75333,60,BO
Q19280060,ich_unesco,7.34736,-61.83319,60,VE
Q21002400,ich_unesco,-14.38132,-71.48401,60,PE
Q21052026,ich_unesco,50.84660,4.35240,60,BE
Q24875082,ich_unesco,35.14744,136.78794,60,JP
Q24875391,ich_unesco,36.56668,139.74596,60,JP
Q24927689,ich_unesco,7.85861,3.93212,60,NG
Q28133228,ich_unesco,50.91667,3.86667,60,BE
Q56346275,ich_unesco,-14.99444,-65.64028,60,BO
Q61125162,ich_unesco,43.79283,19.95083,60,RS
Q63562262,ich_unesco,36.78750,11.99250,60,IT
Q65133732,ich_unesco,11.94194,-8.41028,60,ML
Q66633854,ich_unesco,35.50892,133.00644,60,JP
Q78304389,ich_unesco,41.59200,-6.92600,60,PT
Q96213157,ich_unesco,6.66667,38.50000,60,ET
Q109259132,ich_unesco,21.26667,40.41667,60,SA
Q139829900,ich_unesco,10.59095,14.31593,60,CM
Q194492,ich_unesco,0.90000,104.45000,60,
Q331220,ich_unesco,-8.50000,115.00000,60,
Q589421,ich_unesco,-0.72237,100.76222,60,
Q852316,ich_unesco,45.99583,18.67972,60,
Q963061,ich_unesco,5.75000,0.00000,60,
Q1816129,ich_unesco,42.10434,1.84624,60,
Q2384646,ich_unesco,51.92000,4.48000,60,
Q111994972,ich_unesco,41.00000,75.00000,60,KG
Q113025298,ich_unesco,51.32028,5.08639,60,BE
Q115505283,ich_unesco,42.70000,0.60000,60,ES
Q116838033,ich_unesco,32.50481,130.59342,60,JP
Q119002345,ich_unesco,51.03123,4.09810,60,BE
Q123436964,ich_unesco,5.71667,10.91667,60,CM
Q123693506,ich_unesco,56.79000,14.44000,60,HU
Q125721895,ich_unesco,38.76761,141.32628,60,JP
Q139823010,ich_unesco,5.13333,12.65000,60,TD
Q139823682,ich_unesco,7.37222,12.65361,60,CM
Q139823724,ich_unesco,9.30000,13.40000,60,CM
Q139824515,ich_unesco,5.33333,10.40000,60,CM
Q139824798,ich_unesco,5.19344,10.47838,60,CM
Q139824804,ich_unesco,5.96139,10.15167,60,CM
Q139824925,ich_unesco,10.59095,14.31593,60,CM
Q139825141,ich_unesco,10.74028,13.80278,60,CM
Q9300201,ich_unesco,-12.48333,-38.21667,60,
Q12630967,ich_unesco,42.64028,18.10833,60,
Q21609631,ich_unesco,5.69528,-76.66111,60,
Q21659671,ich_unesco,40.84921,48.38373,60,
Q55851203,ich_unesco,43.65000,17.96694,60,
Q89688476,ich_unesco,44.63364,18.21028,60,
Q109552322,ich_unesco,39.09222,44.54444,60,
Q3269818,ich_national,-2.50000,115.50000,60,ID
Q3327994,ich_national,38.26690,-0.69830,60,ES
Q3328419,ich_national,43.68306,-7.85000,60,ES
Q3328530,ich_national,44.26440,-0.51833,60,FR
Q3334755,ich_national,33.66857,135.89049,60,JP
Q3392407,ich_national,43.01167,-7.55722,60,ES
Q3395702,ich_national,42.51439,-8.81384,60,ES
Q3397662,ich_national,39.85190,-0.48960,60,ES
Q3444111,ich_national,41.21324,-0.44562,60,ES
Q3461576,ich_national,34.65364,134.03803,60,JP
Q1236370,ich_national,38.34530,-0.48310,60,ES
Q1291927,ich_national,43.77639,20.23194,60,RS
Q1324590,ich_national,37.13130,-6.48300,60,ES
Q1469338,ich_national,37.38861,-5.99500,60,ES
Q1520293,ich_national,-0.95556,100.36056,60,ID
Q1528272,ich_national,-6.23333,107.00000,60,ID
Q1585780,ich_national,-10.18333,123.58333,60,ID
Q1684997,ich_national,-0.02056,109.34139,60,ID
Q1722963,ich_national,51.27000,14.09528,60,DE
Q1741928,ich_national,49.07083,10.31944,60,DE
Q1743977,ich_national,52.52333,7.31722,60,DE
Q1798887,ich_national,53.47000,7.49000,60,DE
Q1820767,ich_national,51.15603,2.96566,60,BE
Q1854972,ich_national,51.05361,3.72528,60,BE
Q1903003,ich_national,53.85000,10.91667,60,DE
Q1930145,ich_national,49.47833,10.99028,60,DE
Q2008913,ich_national,47.59972,11.06167,60,DE
Q2054423,ich_national,42.30333,-5.90306,60,ES
Q2073510,ich_national,49.03639,8.70611,60,DE
Q2074700,ich_national,-8.84417,116.48167,60,ID
Q2096886,ich_national,-7.49167,110.00444,60,ID
Q2123481,ich_national,50.77940,5.46310,60,BE
Q2134374,ich_national,50.75000,3.96667,60,BE
Q2147804,ich_national,50.27699,6.86074,60,DE
Q2255821,ich_national,31.72275,129.73925,60,JP
Q2258819,ich_national,51.00000,4.50000,60,BE
Q2284770,ich_national,51.22640,4.83580,60,BE
Q2356144,ich_national,42.80000,-7.90000,60,ES
Q2425969,ich_national,51.05391,3.72491,60,BE
Q798826,ich_national,40.35428,116.00649,60,CN
Q814721,ich_national,39.92361,116.43778,60,CN
Q827695,ich_national,39.42042,-0.78997,60,ES
Q829919,ich_national,42.81667,-1.65000,60,ES
Q862407,ich_national,40.82234,140.74739,60,JP
Q867426,ich_national,-6.92185,107.60708,60,ID
Q884650,ich_national,47.05528,10.61972,60,AT
Q895266,ich_national,38.84028,0.10861,60,ES
Q922592,ich_national,43.55611,-5.92222,60,ES
Q1060121,ich_national,39.84904,116.21289,60,CN
Q1063876,ich_national,44.60000,0.97000,60,FR
Q1090986,ich_national,49.59638,0.67649,60,FR
Q1133889,ich_national,39.88675,139.84756,60,JP
Q1151727,ich_national,40.23463,115.61082,60,CN
Q2456855,ich_national,-2.50000,115.50000,60,ID
Q2521298,ich_national,51.07220,2.66220,60,BE
Q2554503,ich_national,50.88500,3.44200,60,BE
Q2562384,ich_national,33.34095,44.38884,60,IQ
Q2593801,ich_national,46.41861,15.87139,60,SI
Q2595098,ich_national,50.03739,11.99939,60,DE
Q2687936,ich_national,51.13111,4.56972,60,BE
Q2710193,ich_national,50.93833,4.03917,60,BE
Q2737124,ich_national,-1.00000,100.50000,60,ID
Q2750225,ich_national,43.01050,-1.60978,60,ES
Q2770902,ich_national,50.71362,4.22364,60,BE
Q2834310,ich_national,39.15000,-0.43500,60,ES
Q2886090,ich_national,37.98610,-1.13030,60,ES
Q2890938,ich_national,42.57694,-2.84611,60,ES
Q2918983,ich_national,37.37111,-5.99750,60,ES
Q2939698,ich_national,36.53500,-6.29750,60,ES
Q2947700,ich_national,48.09070,-4.20668,60,FR
Q2983823,ich_national,59.32944,18.06861,60,SE
Q3001481,ich_national,36.77889,-6.35389,60,ES
Q3017025,ich_national,48.69805,6.19850,60,FR
Q3059019,ich_national,44.35694,2.55694,60,FR
Q3065313,ich_national,43.64806,-7.59000,60,ES
Q3078831,ich_national,49.45000,0.71667,60,FR
Q3092269,ich_national,45.18333,0.71667,60,FR
Q3092917,ich_national,43.49000,-1.48000,60,FR
Q3092923,ich_national,37.60194,-0.98417,60,ES
Q3092925,ich_national,41.65000,-0.88333,60,ES
Q3100145,ich_national,42.86140,-0.92250,60,ES
Q3148109,ich_national,49.40450,0.72624,60,FR
Q3215452,ich_national,47.08333,-1.66667,60,FR
Q3234931,ich_national,-2.98333,104.76444,60,ID
Q3236175,ich_national,-6.17528,106.82694,60,ID
Q114712,ich_national,32.75413,129.88211,60,JP
Q125445,ich_national,39.88220,116.40660,60,CN
Q147371,ich_national,0.97488,102.69539,60,ID
Q197781,ich_national,39.91611,116.42583,60,CN
Q209253,ich_national,-8.50000,115.00000,60,ID
Q266304,ich_national,49.30830,12.84420,60,DE
Q269273,ich_national,48.20750,16.36611,60,AT
Q5254542,ich_national,-7.50000,110.00000,60,ID
Q5259142,ich_national,-6.92185,107.60708,60,ID
Q5262436,ich_national,-3.31443,114.59225,60,ID
Q5398070,ich_national,41.35000,-1.63333,60,ES
Q5409826,ich_national,36.31025,126.85329,60,KR
Q5429969,ich_national,38.99719,-1.87040,60,ES
Q5494246,ich_national,43.36278,-5.65308,60,ES
Q5548448,ich_national,38.27639,-6.92000,60,ES
Q5552003,ich_national,38.47917,-1.32500,60,ES
Q5561151,ich_national,41.35000,-1.63333,60,ES
Q5573755,ich_national,39.89654,-6.46630,60,ES
Q5612352,ich_national,37.89111,-6.56472,60,ES
Q5612454,ich_national,59.70647,14.53177,60,SE
Q5647870,ich_national,38.70000,-0.98306,60,ES
Q5650710,ich_national,38.69833,-0.47361,60,ES
Q5660198,ich_national,42.47000,-2.44556,60,ES
Q6121627,ich_national,-13.51671,-71.97882,60,PE
Q6124463,ich_national,39.07220,-3.61436,60,ES
Q6124466,ich_national,37.76972,-3.78889,60,ES
Q6124473,ich_national,39.15000,-0.43500,60,ES
Q6124477,ich_national,36.84167,-2.46389,60,ES
Q6124480,ich_national,40.97722,-0.44472,60,ES
Q6124486,ich_national,43.55611,-5.92222,60,ES
Q6124485,ich_national,42.45750,-6.05694,60,ES
Q6124498,ich_national,42.34083,-3.69972,60,ES
Q6124500,ich_national,37.47182,-4.43356,60,ES
Q6124511,ich_national,38.23912,-1.41897,60,ES
Q6124513,ich_national,40.07167,-2.13500,60,ES
Q6124517,ich_national,39.47306,-6.37111,60,ES
Q6124521,ich_national,37.29167,-4.87917,60,ES
Q6124527,ich_national,38.51222,-1.70333,60,ES
Q6124531,ich_national,37.25000,-6.95000,60,ES
Q6124533,ich_national,36.70000,-6.11667,60,ES
Q6124542,ich_national,38.10000,-3.63333,60,ES
Q6124544,ich_national,37.16667,-4.15000,60,ES
Q6124551,ich_national,37.72278,-3.96583,60,ES
Q6124559,ich_national,41.30853,-4.91505,60,ES
Q6124557,ich_national,41.88306,-5.04278,60,ES
Q6124566,ich_national,39.95694,-3.49667,60,ES
Q6124564,ich_national,38.91583,-6.33333,60,ES
Q6124571,ich_national,38.08556,-0.94694,60,ES
Q6124569,ich_national,36.93465,-5.25991,60,ES
Q6124586,ich_national,36.46661,-6.20097,60,ES
Q6124598,ich_national,38.58306,-1.68306,60,ES
Q6124601,ich_national,39.26667,-2.60000,60,ES
Q6124611,ich_national,37.54111,-5.07944,60,ES
Q6124609,ich_national,40.65435,-4.69622,60,ES
Q6124613,ich_national,38.01167,-3.37167,60,ES
Q6126615,ich_national,-14.07060,-75.72562,60,PE
Q6126618,ich_national,-11.34645,-75.65304,60,PE
Q6135210,ich_national,43.37194,-3.45972,60,ES
Q6141665,ich_national,40.63333,-3.16667,60,ES
Q6374036,ich_national,38.66536,139.87419,60,JP
Q6444374,ich_national,5.12400,-2.29900,60,GH
Q446226,ich_national,51.16667,3.50000,60,BE
Q8338708,ich_national,41.22428,1.72591,60,ES
Q8771143,ich_national,43.52931,-5.67732,60,ES
Q8961227,ich_national,38.74419,-0.44003,60,ES
Q8961500,ich_national,42.55648,-8.99221,60,ES
Q8961531,ich_national,43.41770,-5.40989,60,ES
Q8961602,ich_national,43.39122,-5.66099,60,ES
Q8961606,ich_national,42.59506,-8.74306,60,ES
Q8961623,ich_national,39.82360,-0.23170,60,ES
Q8961628,ich_national,39.98598,-0.03744,60,ES
Q9024118,ich_national,42.56222,-2.75917,60,ES
Q9035210,ich_national,38.63500,-0.86583,60,ES
Q9056620,ich_national,42.03111,-2.23167,60,ES
Q9066149,ich_national,41.23389,1.80417,60,ES
Q9066621,ich_national,42.59333,-8.41500,60,ES
Q9075846,ich_national,39.46330,-0.32695,60,ES
Q9075862,ich_national,37.98333,-3.46667,60,ES
Q9075868,ich_national,37.89000,-4.78000,60,ES
Q9075874,ich_national,42.59889,-5.56694,60,ES
Q9075872,ich_national,43.48444,-8.23278,60,ES
Q9075878,ich_national,37.68333,-1.70000,60,ES
Q9075883,ich_national,36.71667,-4.41667,60,ES
Q9075880,ich_national,40.96500,-5.66417,60,ES
Q9075887,ich_national,41.65198,-4.72856,60,ES
Q9075892,ich_national,41.65000,-0.88333,60,ES
Q9630496,ich_national,-1.45583,-48.50389,60,BR
Q10383305,ich_national,-20.37818,-43.41745,60,BR
Q10858554,ich_national,-13.51630,-71.97810,60,PE
Q10964995,ich_national,-3.40813,114.84854,60,ID
Q10978475,ich_national,-0.02056,109.34139,60,ID
Q11045882,ich_national,-5.44083,105.25833,60,ID
Q11166489,ich_national,38.69830,-0.47360,60,ES
Q5931264,ich_national,43.54939,-5.87582,60,ES
Q5936421,ich_national,42.54417,-2.78500,60,ES
Q5954338,ich_national,37.34806,-2.36056,60,ES
Q5962041,ich_national,42.11921,-8.84962,60,ES
Q5962713,ich_national,38.97389,-5.80028,60,ES
Q5963001,ich_national,39.50278,-0.44056,60,ES
Q5963233,ich_national,39.08333,-5.46667,60,ES
Q5963246,ich_national,39.82333,-2.76694,60,ES
Q5970284,ich_national,39.80272,-6.63343,60,ES
Q5976132,ich_national,36.71667,-4.41667,60,ES
Q5977672,ich_national,-14.69395,-74.12413,60,PE
Q5979697,ich_national,43.45446,-5.85213,60,ES
Q5980061,ich_national,40.08838,-6.34960,60,ES
Q6003103,ich_national,43.69458,-7.44203,60,ES
Q6019517,ich_national,42.68030,-1.78581,60,ES
Q6038341,ich_national,43.61987,-7.59366,60,ES
Q6059632,ich_national,38.98333,-3.91667,60,ES
Q6065752,ich_national,43.38444,-3.21500,60,ES
Q6087155,ich_national,39.86667,-4.03333,60,ES
Q6101908,ich_national,37.01837,-4.55966,60,ES
Q537225,ich_national,48.53778,9.04111,60,CH
Q594189,ich_national,0.03485,110.95066,60,ID
Q643225,ich_national,-7.80139,110.36444,60,ID
Q648409,ich_national,43.14851,-4.01969,60,ES
Q677406,ich_national,48.53970,12.15080,60,DE
Q720230,ich_national,-7.68333,110.83333,60,ID
Q20548926,ich_national,42.53461,-8.30079,60,ES
Q20971942,ich_national,48.36712,-3.74531,60,FR
Q20984236,ich_national,42.39282,-1.80831,60,ES
Q20994893,ich_national,42.68389,-1.95833,60,ES
Q21001850,ich_national,43.12894,-1.70722,60,ES
Q21002000,ich_national,43.00194,-4.13778,60,ES
Q21003744,ich_national,42.06528,-1.60667,60,ES
Q21029556,ich_national,47.87240,-4.33787,60,FR
Q21273583,ich_national,48.56473,-0.41106,60,FR
Q21279224,ich_national,48.57707,-2.21106,60,FR
Q21427048,ich_national,49.38353,0.91462,60,FR
Q21427132,ich_national,44.69347,0.05899,60,FR
Q21427411,ich_national,48.80047,-1.44031,60,FR
Q21427412,ich_national,48.76291,-0.59799,60,FR
Q21427860,ich_national,47.00000,2.00000,60,FR
Q21480645,ich_national,42.16663,-5.26270,60,ES
Q5667441,ich_national,37.18246,-5.78175,60,ES
Q5674258,ich_national,28.35000,-16.60000,60,ES
Q5678437,ich_national,38.70389,-3.77639,60,ES
Q5685566,ich_national,37.98333,-1.13028,60,ES
Q5691435,ich_national,38.98333,-3.91667,60,ES
Q5719012,ich_national,37.98333,-1.13028,60,ES
Q5719674,ich_national,1.21000,-77.27472,60,CO
Q5722479,ich_national,43.41444,-3.41000,60,ES
Q5737798,ich_national,41.19917,-2.87000,60,ES
Q5752800,ich_national,39.39010,-3.21024,60,ES
Q5752821,ich_national,38.87789,-6.97061,60,ES
Q5752834,ich_national,39.36694,-3.35500,60,ES
Q5752844,ich_national,37.19944,-7.32528,60,ES
Q5752861,ich_national,42.06136,-7.46200,60,ES
Q5752894,ich_national,39.26500,-1.91278,60,ES
Q5752915,ich_national,39.26667,-2.60000,60,ES
Q5752931,ich_national,40.59917,-6.52889,60,ES
Q5752929,ich_national,37.40417,-1.58194,60,ES
Q5752941,ich_national,40.20000,-3.50000,60,ES
Q5760074,ich_national,-13.26000,-72.11000,60,PE
Q5763483,ich_national,37.97778,-0.68333,60,ES
Q5789983,ich_national,43.38444,-3.21500,60,ES
Q5799146,ich_national,42.28916,-8.80640,60,ES
Q5801467,ich_national,43.16850,-5.73756,60,ES
Q5803376,ich_national,43.46167,-3.71833,60,ES
Q5803870,ich_national,43.24464,-5.56157,60,ES
Q5803879,ich_national,43.54917,-6.72556,60,ES
Q5815728,ich_national,43.36250,-5.85028,60,ES
Q5815733,ich_national,43.30750,-4.23250,60,ES
Q5815809,ich_national,43.35969,-4.08725,60,ES
Q5815817,ich_national,43.40469,-6.54354,60,ES
Q5820985,ich_national,42.01667,-4.53333,60,ES
Q5821244,ich_national,43.39122,-5.66099,60,ES
Q5832389,ich_national,41.40092,-4.31359,60,ES
Q5836853,ich_national,40.65879,-3.76632,60,ES
Q5858753,ich_national,43.27917,-8.21063,60,ES
Q5858861,ich_national,43.36250,-5.85028,60,ES
Q5860858,ich_national,41.86667,0.46194,60,ES
Q5860920,ich_national,43.19417,-0.60667,60,ES
Q5861003,ich_national,37.80366,-0.83428,60,ES
Q5861062,ich_national,38.16667,-6.65000,60,ES
Q5861076,ich_national,40.82472,-3.04944,60,ES
Q5861311,ich_national,43.35822,-5.50568,60,ES
Q5861338,ich_national,37.61907,-0.87551,60,ES
Q5861667,ich_national,43.52931,-5.67732,60,ES
Q5861670,ich_national,43.56333,-6.14581,60,ES
Q5861671,ich_national,43.54689,-6.38675,60,ES
Q5861673,ich_national,40.65879,-3.76632,60,ES
Q5861678,ich_national,43.14521,-6.07081,60,ES
Q5861679,ich_national,43.54544,-6.53997,60,ES
Q5861676,ich_national,43.40654,-4.71802,60,ES
Q5861677,ich_national,43.17620,-6.54886,60,ES
Q5861683,ich_national,43.35042,-5.13050,60,ES
Q5861692,ich_national,43.42112,-4.75308,60,ES
Q5861702,ich_national,36.70000,-6.11667,60,ES
Q5861700,ich_national,42.61667,-8.77500,60,ES
Q5861717,ich_national,36.70000,-6.11667,60,ES
Q5861721,ich_national,43.41982,-4.75485,60,ES
Q5861740,ich_national,38.04907,-1.96280,60,ES
Q5861750,ich_national,43.55611,-5.92222,60,ES
Q5861749,ich_national,43.17430,-5.97046,60,ES
Q5861754,ich_national,43.38583,-5.19083,60,ES
Q5861752,ich_national,43.55611,-5.92222,60,ES
Q5861757,ich_national,39.91250,-5.20222,60,ES
Q5861770,ich_national,42.22889,-2.04972,60,ES
Q5861769,ich_national,43.15361,-4.62333,60,ES
Q5861772,ich_national,43.26829,-4.98587,60,ES
Q5861777,ich_national,39.68322,-3.77278,60,ES
Q5861795,ich_national,38.10750,-1.86000,60,ES
Q5861827,ich_national,42.47000,-2.44556,60,ES
Q5861825,ich_national,42.14010,-0.40890,60,ES
Q5861870,ich_national,39.82358,-0.23170,60,ES
Q5886937,ich_national,41.50333,-5.75556,60,ES
Q5887906,ich_national,43.26167,-4.06528,60,ES
Q107615657,ich_national,30.04444,31.23583,60,EG
Q108759512,ich_national,-2.00000,118.00000,60,ID
Q108808119,ich_national,-2.00000,118.00000,60,ID
Q108808117,ich_national,-2.00000,118.00000,60,ID
Q108927805,ich_national,37.04027,-2.20119,60,ES
Q109011206,ich_national,-1.80139,133.67056,60,ID
Q109476759,ich_national,37.02168,-2.95262,60,ES
Q109476826,ich_national,37.02168,-2.95262,60,ES
Q109477155,ich_national,37.02168,-2.95262,60,ES
Q109478246,ich_national,36.99783,-2.77324,60,ES
Q109598841,ich_national,33.54150,129.89443,60,JP
Q23459413,ich_national,40.48212,-3.36701,60,ES
Q23459536,ich_national,40.48218,-3.37185,60,ES
Q23459602,ich_national,40.99194,-3.63889,60,ES
Q23540583,ich_national,37.40889,-4.48528,60,ES
Q12388467,ich_national,42.28821,-8.14313,60,ES
Q12388474,ich_national,42.19008,-7.80180,60,ES
Q12388477,ich_national,42.56275,-8.58558,60,ES
Q12388482,ich_national,42.43165,-8.07751,60,ES
Q12388480,ich_national,42.47503,-7.98601,60,ES
Q12388481,ich_national,43.46056,-8.25361,60,ES
Q12388485,ich_national,43.01167,-7.55722,60,ES
Q12388488,ich_national,42.88333,-8.53333,60,ES
Q12388642,ich_national,42.60833,-7.76889,60,ES
Q12399211,ich_national,42.63040,-8.22216,60,ES
Q12399215,ich_national,42.44917,-8.63222,60,ES
Q12399212,ich_national,43.49667,-7.14333,60,ES
Q12400240,ich_national,42.27790,-8.78984,60,ES
Q11280345,ich_national,35.04578,135.74205,60,JP
Q11360688,ich_national,35.80721,137.24395,60,JP
Q11381803,ich_national,34.61135,135.49245,60,JP
Q11412652,ich_national,34.67672,133.86386,60,JP
Q11413521,ich_national,35.47819,138.79414,60,JP
Q11445444,ich_national,34.70440,135.83421,60,JP
Q11459006,ich_national,33.88553,130.87345,60,JP
Q11487200,ich_national,40.60390,140.46490,60,JP
Q11489206,ich_national,33.72225,135.98283,60,JP
Q11513690,ich_national,34.68020,135.84913,60,JP
Q11547768,ich_national,40.27150,140.76667,60,JP
Q11553660,ich_national,35.53106,138.77494,60,JP
Q11565101,ich_national,34.24939,133.91906,60,JP
Q11568981,ich_national,33.73209,135.98361,60,JP
Q11570011,ich_national,37.31436,138.79508,60,JP
Q11580506,ich_national,33.33214,130.32554,60,JP
Q11588063,ich_national,34.38056,136.80881,60,JP
Q11590475,ich_national,34.20858,139.13488,60,JP
Q11598643,ich_national,32.74914,129.88794,60,JP
Q11611120,ich_national,34.51608,135.69464,60,JP
Q11611151,ich_national,34.65464,135.51639,60,JP
Q11612004,ich_national,37.20000,136.90000,60,JP
Q11612202,ich_national,35.94262,139.39727,60,JP
Q11630000,ich_national,39.19956,140.40322,60,JP
Q11907722,ich_national,42.11667,0.48333,60,ES
Q11915705,ich_national,41.23389,1.80417,60,ES
Q11921892,ich_national,41.40014,2.15767,60,ES
Q11921918,ich_national,40.81250,0.52111,60,ES
Q11922101,ich_national,38.99042,-0.51852,60,ES
Q11947723,ich_national,41.66570,1.27100,60,ES
Q11949578,ich_national,41.37641,1.16387,60,ES
Q12159764,ich_national,48.28000,26.01000,60,UA
Q12388339,ich_national,43.66050,-7.35820,60,ES
Q12388466,ich_national,42.64887,-8.81737,60,ES
Q23541310,ich_national,42.75000,-0.81667,60,ES
Q23541308,ich_national,40.34361,-1.10722,60,ES
Q23541312,ich_national,42.19056,0.33833,60,ES
Q23541328,ich_national,41.35000,-1.63333,60,ES
Q23615758,ich_national,40.35847,0.40683,60,ES
Q23617579,ich_national,41.33083,-1.79278,60,ES
Q23617764,ich_national,41.47278,-1.87361,60,ES
Q23617942,ich_national,42.14010,-0.40890,60,ES
Q23618106,ich_national,41.23667,-0.03957,60,ES
Q23639912,ich_national,42.03654,0.12718,60,ES
Q23640009,ich_national,41.90444,-1.72417,60,ES
Q23640138,ich_national,40.88333,0.15000,60,ES
Q23640203,ich_national,42.55000,-0.55000,60,ES
Q23640206,ich_national,41.92032,-1.25472,60,ES
Q23640213,ich_national,40.14151,-0.81425,60,ES
Q23640219,ich_national,40.54708,-1.03320,60,ES
Q23640239,ich_national,42.12728,-1.13843,60,ES
Q23640245,ich_national,42.27667,-0.68917,60,ES
Q23640575,ich_national,38.94139,-3.23944,60,ES
Q23640572,ich_national,38.86821,-1.09786,60,ES
Q23640584,ich_national,38.63978,-3.36481,60,ES
Q23640591,ich_national,38.76667,-4.81667,60,ES
Q23640594,ich_national,38.96472,-3.89111,60,ES
Q23640597,ich_national,39.20696,-2.16038,60,ES
Q23640600,ich_national,38.98333,-3.91667,60,ES
Q23640623,ich_national,38.95000,-2.53306,60,ES
Q23641859,ich_national,40.88333,0.13333,60,ES
Q23641879,ich_national,41.32909,-1.78635,60,ES
Q23641876,ich_national,40.98094,-0.14700,60,ES
Q23641877,ich_national,40.85533,-0.63188,60,ES
Q23642570,ich_national,38.86124,-3.88382,60,ES
Q23642671,ich_national,39.40667,-3.12500,60,ES
Q23647847,ich_national,39.76000,-3.16667,60,ES
Q23647844,ich_national,38.91960,-1.72637,60,ES
Q23647850,ich_national,40.63333,-3.16667,60,ES
Q23647851,ich_national,39.59583,-3.04694,60,ES
Q23647854,ich_national,39.96667,-4.83333,60,ES
Q23647855,ich_national,40.00861,-3.01022,60,ES
Q23647857,ich_national,39.21792,-3.60747,60,ES
Q23647860,ich_national,41.08472,-3.00222,60,ES
Q23647866,ich_national,40.14750,-2.68889,60,ES
Q23647864,ich_national,40.00861,-3.01022,60,ES
Q23648119,ich_national,39.68000,-0.27833,60,ES
Q23648123,ich_national,40.13972,-5.88056,60,ES
Q23648126,ich_national,41.59751,-4.12279,60,ES
Q23648134,ich_national,39.68000,-0.27833,60,ES
Q23650029,ich_national,38.04194,-1.49056,60,ES
Q23650034,ich_national,38.32081,-6.77303,60,ES
Q23650033,ich_national,38.87789,-6.97061,60,ES
Q23650037,ich_national,38.71583,-0.65722,60,ES
Q23650256,ich_national,38.03924,-4.05056,60,ES
Q23650267,ich_national,28.36667,-16.51667,60,ES
Q23650264,ich_national,28.60494,-17.77705,60,ES
Q23650270,ich_national,38.78917,0.16306,60,ES
Q23650275,ich_national,39.85190,-0.48955,60,ES
Q23650273,ich_national,38.82222,-0.60722,60,ES
Q23650279,ich_national,27.88333,-15.43333,60,ES
Q23650276,ich_national,37.98333,-1.13028,60,ES
Q23650280,ich_national,38.24861,-0.80889,60,ES
Q23653026,ich_national,38.96667,-0.18222,60,ES
Q23653034,ich_national,38.74419,-0.44003,60,ES
Q23653039,ich_national,39.20256,-0.31116,60,ES
Q23653037,ich_national,38.91417,-0.54944,60,ES
Q23653040,ich_national,38.65139,-0.12278,60,ES
Q23653347,ich_national,43.38318,-4.40027,60,ES
Q23653344,ich_national,43.44139,-3.45750,60,ES
Q23653349,ich_national,43.35056,-4.04917,60,ES
Q23657062,ich_national,42.49735,-1.21568,60,ES
Q23657061,ich_national,40.34361,-1.10722,60,ES
Q23657066,ich_national,42.03654,0.12718,60,ES
Q23657067,ich_national,41.92032,-1.25472,60,ES
Q23657064,ich_national,41.28898,-1.51806,60,ES
Q23657071,ich_national,42.55000,-0.55000,60,ES
Q23657075,ich_national,41.83482,-1.53375,60,ES
Q23657079,ich_national,41.32667,-1.71222,60,ES
Q23657082,ich_national,41.90000,0.18333,60,ES
Q23657080,ich_national,41.29162,-1.96179,60,ES
Q23657086,ich_national,41.11319,-1.41695,60,ES
Q23657090,ich_national,41.86667,0.43333,60,ES
Q23657094,ich_national,41.48896,-0.52602,60,ES
Q23657092,ich_national,41.86917,-1.31611,60,ES
Q23657102,ich_national,41.23667,-0.03957,60,ES
Q23657110,ich_national,42.19056,0.33833,60,ES
Q23657108,ich_national,41.25152,-1.70525,60,ES
Q23657119,ich_national,41.12696,-1.27601,60,ES
Q23657116,ich_national,40.92000,-1.30083,60,ES
Q23657122,ich_national,42.03654,0.12718,60,ES
Q23657123,ich_national,41.79340,-0.15741,60,ES
Q23657120,ich_national,42.41722,0.13750,60,ES
Q23657130,ich_national,41.40194,-1.16778,60,ES
Q23657133,ich_national,42.04417,-0.58056,60,ES
Q23657137,ich_national,41.33736,-1.22491,60,ES
Q23657142,ich_national,41.94667,-1.69417,60,ES
Q23657153,ich_national,41.83577,-1.76082,60,ES
Q23657159,ich_national,41.90000,0.18333,60,ES
Q23657156,ich_national,41.71556,-0.04361,60,ES
Q23660942,ich_national,37.68333,-1.70000,60,ES
Q23660970,ich_national,42.41667,-6.98306,60,ES
Q23660973,ich_national,42.29807,-8.65894,60,ES
Q23660979,ich_national,42.79490,-8.56210,60,ES
Q23660997,ich_national,42.27080,-7.65083,60,ES
Q23661019,ich_national,42.17944,-7.11111,60,ES
Q23661091,ich_national,42.30944,-7.23333,60,ES
Q23661130,ich_national,42.63396,-8.56256,60,ES
Q23661143,ich_national,43.66969,-7.40954,60,ES
Q23661249,ich_national,43.48444,-8.23278,60,ES
Q23661265,ich_national,42.23583,-8.72667,60,ES
Q23661280,ich_national,42.32488,-8.78593,60,ES
Q23661299,ich_national,42.33864,-8.57272,60,ES
Q23661316,ich_national,42.90861,-9.26278,60,ES
Q23661324,ich_national,43.13000,-9.18500,60,ES
Q23661374,ich_national,42.46181,-7.58703,60,ES
Q23661379,ich_national,42.28821,-8.14313,60,ES
Q23661376,ich_national,42.04806,-8.64444,60,ES
Q23661377,ich_national,42.11229,-8.31239,60,ES
Q23661382,ich_national,43.34806,-7.19250,60,ES
Q23661386,ich_national,42.33556,-7.86406,60,ES
Q23661388,ich_national,43.00002,-8.37995,60,ES
Q23661400,ich_national,42.91457,-8.01361,60,ES
Q23661415,ich_national,42.47583,-7.27167,60,ES
Q23661429,ich_national,42.15083,-7.95667,60,ES
Q23661446,ich_national,42.68917,-8.48722,60,ES
Q23661451,ich_national,42.79508,-8.16827,60,ES
Q23661448,ich_national,42.38877,-8.50225,60,ES
Q23661454,ich_national,42.03056,-7.97528,60,ES
Q23661462,ich_national,43.01167,-7.55722,60,ES
Q23661460,ich_national,43.42642,-8.24434,60,ES
Q23661467,ich_national,43.29836,-8.82462,60,ES
Q23661464,ich_national,42.21377,-8.63121,60,ES
Q23661470,ich_national,43.24287,-8.90052,60,ES
Q23661468,ich_national,43.67889,-7.59472,60,ES
Q23661475,ich_national,41.90164,-8.87540,60,ES
Q23661472,ich_national,43.59667,-7.56861,60,ES
Q23661482,ich_national,43.11000,-9.03444,60,ES
Q23661480,ich_national,43.24861,-8.58333,60,ES
Q23661491,ich_national,42.51439,-8.81384,60,ES
Q23661495,ich_national,42.22621,-8.75346,60,ES
Q23661493,ich_national,42.77444,-9.05750,60,ES
Q23661499,ich_national,43.45022,-7.85311,60,ES
Q23661501,ich_national,43.55218,-8.14028,60,ES
Q23661507,ich_national,42.25028,-8.13306,60,ES
Q23661509,ich_national,43.29836,-8.82462,60,ES
Q23661514,ich_national,42.73902,-8.66025,60,ES
Q23661515,ich_national,43.53444,-7.23972,60,ES
Q23661518,ich_national,43.53722,-7.04306,60,ES
Q23661516,ich_national,43.19026,-7.91652,60,ES
Q23661523,ich_national,41.88528,-7.47250,60,ES
Q23661521,ich_national,43.18980,-8.91421,60,ES
Q23661526,ich_national,42.58889,-7.19528,60,ES
Q23661524,ich_national,42.90472,-8.36222,60,ES
Q23661528,ich_national,41.89212,-8.87081,60,ES
Q23661534,ich_national,43.34731,-8.27690,60,ES
Q23661532,ich_national,43.56887,-7.25504,60,ES
Q23661542,ich_national,42.21278,-8.27444,60,ES
Q23661547,ich_national,42.26418,-8.78199,60,ES
Q23661553,ich_national,43.21972,-9.00500,60,ES
Q23661565,ich_national,43.66969,-7.40954,60,ES
Q23661574,ich_national,43.21333,-7.29417,60,ES
Q23661580,ich_national,42.68927,-8.64813,60,ES
Q23661584,ich_national,42.65000,-8.88333,60,ES
Q23661590,ich_national,43.50000,-8.15853,60,ES
Q23661605,ich_national,42.21278,-8.27444,60,ES
Q23661615,ich_national,42.26419,-8.78199,60,ES
Q23661618,ich_national,43.24861,-8.58333,60,ES
Q23661622,ich_national,42.60000,-8.93333,60,ES
Q23661624,ich_national,42.08306,-7.83222,60,ES
Q23661630,ich_national,43.43157,-7.34928,60,ES
Q23661628,ich_national,42.39278,-8.69889,60,ES
Q23661629,ich_national,43.47111,-7.29944,60,ES
Q23661634,ich_national,42.79178,-7.83549,60,ES
Q23661632,ich_national,41.97417,-7.28250,60,ES
Q23661636,ich_national,42.33556,-7.86406,60,ES
Q23661642,ich_national,42.68927,-8.64813,60,ES
Q23661640,ich_national,42.30725,-8.73754,60,ES
Q23661645,ich_national,43.13444,-7.68972,60,ES
Q23661989,ich_national,40.09860,-5.68056,60,ES
Q23661995,ich_national,39.89278,-5.54028,60,ES
Q23661992,ich_national,38.68306,-6.40917,60,ES
Q23661997,ich_national,40.12250,-5.49444,60,ES
Q23662002,ich_national,39.48403,-6.58458,60,ES
Q23662000,ich_national,38.86373,-5.61735,60,ES
Q23662005,ich_national,38.24667,-6.30917,60,ES
Q23662014,ich_national,39.41326,-7.24359,60,ES
Q23662018,ich_national,38.71613,-6.82395,60,ES
Q23662017,ich_national,38.24667,-6.30917,60,ES
Q23662023,ich_national,39.36028,-7.13694,60,ES
Q23662020,ich_national,38.81972,-5.11250,60,ES
Q23662027,ich_national,39.21917,-7.00111,60,ES
Q23662025,ich_national,39.98194,-6.53722,60,ES
Q23662032,ich_national,40.02750,-6.09083,60,ES
Q23662038,ich_national,40.30389,-6.33139,60,ES
Q23662036,ich_national,38.64972,-5.65694,60,ES
Q23662044,ich_national,38.56134,-6.33924,60,ES
Q23662055,ich_national,38.08750,-6.27444,60,ES
Q23662063,ich_national,38.11993,-6.52902,60,ES
Q23660892,ich_national,37.83631,-0.78856,60,ES
Q23660893,ich_national,37.98333,-1.13028,60,ES
Q23660916,ich_national,37.80366,-0.83428,60,ES
Q23660927,ich_national,38.47917,-1.32500,60,ES
Q23660931,ich_national,38.17917,-1.37611,60,ES
Q23660928,ich_national,37.74361,-0.84972,60,ES
Q23660934,ich_national,38.17892,-1.12326,60,ES
Q23660940,ich_national,38.23111,-1.69778,60,ES
Q6711801,ich_national,41.61403,0.63206,60,ES
Q6925816,ich_national,53.11628,-7.32410,60,IE
Q7367969,ich_national,-7.24628,112.73777,60,ID
Q7401479,ich_national,42.68333,-2.93333,60,ES
Q7418601,ich_national,-7.24628,112.73777,60,ID
Q7884112,ich_national,37.60194,-0.98417,60,ES
Q3463486,ich_national,50.84667,4.35250,60,BE
Q3478355,ich_national,42.01667,-4.53333,60,ES
Q3847604,ich_national,35.06811,136.70621,60,JP
Q3869424,ich_national,-1.00000,100.50000,60,ID
Q3900039,ich_national,40.13056,-5.46389,60,ES
Q3986817,ich_national,43.63890,-8.10944,60,ES
Q4163493,ich_national,38.12250,-0.87972,60,ES
Q4202016,ich_national,-7.24628,112.73777,60,ID
Q4203530,ich_national,-6.92185,107.60708,60,ID
Q4205452,ich_national,-6.88833,109.67528,60,ID
Q4575290,ich_national,68.52770,16.76797,60,NO
Q4585014,ich_national,-6.17528,106.82694,60,ID
Q4667966,ich_national,5.20000,-3.73333,60,CI
Q4701224,ich_national,39.71847,140.11319,60,JP
Q4715215,ich_national,36.14014,-5.45742,60,ES
Q4748563,ich_national,-2.98333,104.76444,60,ID
Q4803469,ich_national,-0.29889,101.27083,60,ID
Q4848804,ich_national,28.68417,-17.76500,60,ES
Q4886497,ich_national,39.46528,-5.87889,60,ES
Q4895460,ich_national,41.11750,1.25280,60,ES
Q4896555,ich_national,40.11778,-5.84861,60,ES
Q4920553,ich_national,-6.40503,106.81731,60,ID
Q5018042,ich_national,1.25000,124.83333,60,ID
Q5121286,ich_national,41.90444,-1.72417,60,ES
Q5247038,ich_national,-8.35639,115.07194,60,ID
Q23657175,ich_national,43.32167,-3.96056,60,ES
Q23657172,ich_national,43.38583,-3.41167,60,ES
Q23657178,ich_national,43.46667,-3.80000,60,ES
Q23657181,ich_national,43.14432,-4.53663,60,ES
Q23657187,ich_national,43.46639,-3.89389,60,ES
Q23657184,ich_national,43.46667,-3.80000,60,ES
Q23657189,ich_national,43.25889,-3.46389,60,ES
Q23657194,ich_national,43.12861,-4.78667,60,ES
Q23657197,ich_national,43.34417,-4.14750,60,ES
Q23657201,ich_national,43.46667,-3.80000,60,ES
Q23657207,ich_national,43.42833,-4.04361,60,ES
Q23657204,ich_national,43.40667,-3.86583,60,ES
Q23657210,ich_national,43.19389,-4.05667,60,ES
Q23657211,ich_national,43.46667,-3.80000,60,ES
Q23657218,ich_national,43.24481,-3.26125,60,ES
Q23657216,ich_national,43.40558,-3.90115,60,ES
Q23657221,ich_national,43.14556,-4.81000,60,ES
Q23657226,ich_national,43.23639,-4.54889,60,ES
Q23657227,ich_national,43.46667,-3.80000,60,ES
Q23657224,ich_national,43.21833,-3.80556,60,ES
Q23657229,ich_national,43.16194,-4.60972,60,ES
Q23657235,ich_national,43.29500,-3.81917,60,ES
Q23657232,ich_national,43.37500,-4.51472,60,ES
Q23657239,ich_national,43.34472,-3.41444,60,ES
Q23657237,ich_national,43.25861,-4.24500,60,ES
Q23657243,ich_national,43.36278,-3.96861,60,ES
Q23657246,ich_national,43.15417,-4.04083,60,ES
Q23657244,ich_national,43.13556,-4.57500,60,ES
Q23657249,ich_national,43.44139,-3.45750,60,ES
Q23657252,ich_national,43.15361,-4.62333,60,ES
Q23657256,ich_national,43.34472,-3.41444,60,ES
Q23657262,ich_national,43.30667,-4.10528,60,ES
Q23657266,ich_national,43.41444,-3.41000,60,ES
Q23657267,ich_national,43.30806,-3.42472,60,ES
Q23657265,ich_national,43.00194,-4.13778,60,ES
Q23657271,ich_national,43.38444,-3.21500,60,ES
Q23657269,ich_national,43.30750,-4.23250,60,ES
Q23657272,ich_national,43.33694,-4.17639,60,ES
Q23657351,ich_national,43.18894,-5.16206,60,ES
Q23657354,ich_national,43.48133,-5.43346,60,ES
Q23657352,ich_national,43.24504,-5.07313,60,ES
Q23657359,ich_national,43.41094,-6.16079,60,ES
Q23657357,ich_national,43.39402,-5.70671,60,ES
Q23657362,ich_national,43.35822,-5.50568,60,ES
Q23657360,ich_national,43.52771,-7.03010,60,ES
Q23657367,ich_national,43.55861,-6.07167,60,ES
Q23657364,ich_national,43.41168,-4.73484,60,ES
Q23657370,ich_national,43.58903,-5.76560,60,ES
Q23657369,ich_national,43.40469,-6.54354,60,ES
Q23657395,ich_national,43.17620,-6.54886,60,ES
Q23657396,ich_national,43.42112,-4.75308,60,ES
Q23657397,ich_national,43.30951,-6.49215,60,ES
Q23657444,ich_national,43.56920,-6.94370,60,ES
Q23657644,ich_national,43.61655,-5.78813,60,ES
Q23657661,ich_national,43.58903,-5.76560,60,ES
Q23657667,ich_national,43.54196,-5.41948,60,ES
Q23657664,ich_national,43.54562,-6.21846,60,ES
Q23657669,ich_national,43.30951,-6.49215,60,ES
Q23657673,ich_national,43.41530,-5.57488,60,ES
Q23657679,ich_national,43.54544,-6.53997,60,ES
Q23657676,ich_national,43.54586,-5.39952,60,ES
Q23657687,ich_national,43.39499,-5.39930,60,ES
Q23657684,ich_national,43.18236,-5.34402,60,ES
Q23657695,ich_national,43.52931,-5.67732,60,ES
Q23657702,ich_national,43.30514,-5.69445,60,ES
Q23657711,ich_national,43.34785,-5.36472,60,ES
Q23657708,ich_national,43.42112,-4.75308,60,ES
Q23657717,ich_national,43.48133,-5.43346,60,ES
Q23657723,ich_national,43.17620,-6.54886,60,ES
Q23657727,ich_national,43.33583,-4.96694,60,ES
Q23657808,ich_national,43.40469,-6.54354,60,ES
Q23658015,ich_national,43.28330,-5.60000,60,ES
Q23660863,ich_national,38.02535,-1.12623,60,ES
Q23660861,ich_national,37.79992,-0.80082,60,ES
Q23660864,ich_national,38.18639,-1.89056,60,ES
Q23660865,ich_national,38.61000,-1.11447,60,ES
Q23660870,ich_national,37.97222,-1.20944,60,ES
Q23660869,ich_national,37.83631,-0.78856,60,ES
Q23660875,ich_national,37.61907,-0.87551,60,ES
Q23660872,ich_national,37.85139,-1.42639,60,ES
Q23660873,ich_national,38.23111,-1.69778,60,ES
Q23660878,ich_national,37.77100,-1.50016,60,ES
Q23660879,ich_national,37.98333,-1.13028,60,ES
Q23660876,ich_national,38.20306,-1.40028,60,ES
Q23660882,ich_national,37.97222,-1.20944,60,ES
Q23660880,ich_national,38.20722,-1.04139,60,ES
Q23660886,ich_national,37.85139,-1.42639,60,ES
Q23660887,ich_national,38.61000,-1.11447,60,ES
Q23660884,ich_national,38.20722,-1.04139,60,ES
Q23660889,ich_national,38.06158,-1.04909,60,ES
Q23660895,ich_national,38.18639,-1.89056,60,ES
Q114556714,ich_national,36.46614,-6.20139,60,ES
Q115485268,ich_national,53.48353,12.42992,60,DE
Q116270171,ich_national,39.41326,-7.24359,60,ES
Q116446473,ich_national,47.97144,-66.94164,60,CA
Q23662074,ich_national,39.45230,-5.32724,60,ES
Q23662084,ich_national,40.27389,-5.86583,60,ES
Q23662090,ich_national,40.12612,-5.66037,60,ES
Q23662106,ich_national,39.71917,-2.21972,60,ES
Q23662111,ich_national,39.23771,-3.42193,60,ES
Q23662117,ich_national,39.54556,-4.32806,60,ES
Q23662123,ich_national,40.94833,-3.08750,60,ES
Q23662121,ich_national,40.90556,-3.07056,60,ES
Q23662124,ich_national,40.54444,-2.95917,60,ES
Q23662131,ich_national,39.51806,-2.99806,60,ES
Q23662135,ich_national,40.23444,-4.19500,60,ES
Q23662136,ich_national,39.15778,-3.02083,60,ES
Q23662140,ich_national,39.61583,-3.33972,60,ES
Q23662146,ich_national,39.40000,-2.95000,60,ES
Q23662148,ich_national,38.78528,-4.13333,60,ES
Q23662149,ich_national,38.72662,-2.00196,60,ES
Q23662159,ich_national,38.68522,-4.11118,60,ES
Q23662157,ich_national,39.40389,-2.42944,60,ES
Q23662163,ich_national,38.51222,-1.70333,60,ES
Q23662167,ich_national,39.14611,-4.15333,60,ES
Q23662169,ich_national,38.69265,-2.69373,60,ES
Q23662174,ich_national,41.12917,-3.23333,60,ES
Q23662178,ich_national,40.84389,-1.88861,60,ES
Q23662182,ich_national,39.50029,-2.86818,60,ES
Q23662180,ich_national,40.04180,-1.64903,60,ES
Q23662186,ich_national,41.06917,-2.63917,60,ES
Q23662185,ich_national,40.76056,-2.86917,60,ES
Q23662190,ich_national,39.12472,-3.90250,60,ES
Q23662188,ich_national,39.44456,-1.74875,60,ES
Q23662199,ich_national,38.76639,-3.39972,60,ES
Q23662196,ich_national,38.71861,-4.16667,60,ES
Q23662203,ich_national,41.11222,-3.30194,60,ES
Q23662201,ich_national,40.76111,-2.20222,60,ES
Q23662207,ich_national,38.58362,-3.43635,60,ES
Q23662215,ich_national,40.56472,-3.26806,60,ES
Q23662212,ich_national,40.82722,-3.15528,60,ES
Q23662220,ich_national,39.94000,-4.01944,60,ES
Q23662221,ich_national,40.07167,-2.13500,60,ES
Q23662229,ich_national,39.94833,-1.36528,60,ES
Q23662234,ich_national,39.46194,-3.60639,60,ES
Q23662239,ich_national,40.43250,-1.92889,60,ES
Q23662236,ich_national,39.84206,-2.99705,60,ES
Q23662785,ich_national,38.96231,-0.58472,60,ES
Q23663217,ich_national,38.91528,-0.20444,60,ES
Q23663308,ich_national,39.45833,-0.46278,60,ES
Q23708896,ich_national,42.08306,-8.49806,60,ES
Q23710983,ich_national,42.70781,-7.04356,60,ES
Q23710981,ich_national,42.17694,-7.17111,60,ES
Q23710984,ich_national,41.94681,-7.44940,60,ES
Q23710985,ich_national,41.93567,-8.82510,60,ES
Q24026286,ich_national,46.63000,16.24762,60,SI
Q24389049,ich_national,50.84667,4.35167,60,BE
Q24864987,ich_national,38.26917,140.87056,60,JP
Q24940835,ich_national,40.34361,-1.10722,60,ES
Q25112794,ich_national,50.84674,4.35252,60,BE
Q25511382,ich_national,42.17476,-8.50398,60,ES
Q26963736,ich_national,48.03680,14.41780,60,AT
Q28157451,ich_national,42.58889,-7.19528,60,ES
Q28501441,ich_national,38.91583,-6.33333,60,ES
Q30939126,ich_national,-0.89628,-48.66307,60,BR
Q31074902,ich_national,42.24972,0.96917,60,ES
Q21596868,ich_national,38.34583,-0.76889,60,ES
Q21815353,ich_national,39.46556,-0.42667,60,ES
Q21980996,ich_national,39.96667,-4.83333,60,ES
Q21993627,ich_national,38.70389,-3.77639,60,ES
Q21996334,ich_national,51.69944,10.72222,60,DE
Q22123096,ich_national,40.60311,140.46383,60,JP
Q23046683,ich_national,38.24861,-0.80889,60,ES
Q23047569,ich_national,42.66114,-8.71493,60,ES
Q23199311,ich_national,39.86667,-4.03333,60,ES
Q23199332,ich_national,43.37386,-8.40003,60,ES
Q23199370,ich_national,40.03333,-3.60278,60,ES
Q23199390,ich_national,38.76583,-0.61278,60,ES
Q23199388,ich_national,41.94083,-7.43583,60,ES
Q23199623,ich_national,36.74829,-5.80631,60,ES
Q23199627,ich_national,37.38990,-1.94350,60,ES
Q23199628,ich_national,36.91500,-4.29361,60,ES
Q23199634,ich_national,37.69116,-4.48270,60,ES
Q23199635,ich_national,36.82323,-4.70201,60,ES
Q23199632,ich_national,37.61444,-4.32556,60,ES
Q23309268,ich_national,42.30333,-1.96472,60,ES
Q23309290,ich_national,42.47000,-2.44556,60,ES
Q23309296,ich_national,42.44194,-2.95250,60,ES
Q23309321,ich_national,42.17833,-1.74750,60,ES
Q23309364,ich_national,42.21194,-2.23583,60,ES
Q23309394,ich_national,42.44194,-2.95250,60,ES
Q23309463,ich_national,42.73679,-0.98677,60,ES
Q23309493,ich_national,42.66670,-2.01667,60,ES
Q23309506,ich_national,42.56509,-1.25318,60,ES
Q23309520,ich_national,42.89999,-2.16516,60,ES
Q23309540,ich_national,42.11472,-1.78667,60,ES
Q23309577,ich_national,42.24080,-1.76799,60,ES
Q23309614,ich_national,42.58332,-1.75976,60,ES
Q23309636,ich_national,42.92094,-1.96906,60,ES
Q23309655,ich_national,42.42417,-2.07833,60,ES
Q23309739,ich_national,42.54611,-6.59083,60,ES
Q23309754,ich_national,40.48917,-6.11111,60,ES
Q23309758,ich_national,41.30853,-4.91505,60,ES
Q23450140,ich_national,42.61540,-6.41697,60,ES
Q23452661,ich_national,40.13944,-3.42639,60,ES
Q23452764,ich_national,40.54694,-3.62583,60,ES
Q23452890,ich_national,40.57294,-4.15431,60,ES
Q23453142,ich_national,40.48047,-3.36942,60,ES
Q23453232,ich_national,40.45000,-3.48306,60,ES
Q23453288,ich_national,40.59361,-4.14278,60,ES
Q23453336,ich_national,40.22944,-3.43639,60,ES
Q23453449,ich_national,40.16889,-3.27611,60,ES
Q23453538,ich_national,40.25694,-3.23444,60,ES
Q23453636,ich_national,40.54333,-3.45722,60,ES
Q23453824,ich_national,40.33333,-3.86667,60,ES
Q23455515,ich_national,40.74389,-3.60083,60,ES
Q23455600,ich_national,40.35833,-3.90333,60,ES
Q23455822,ich_national,40.73500,-3.58139,60,ES
Q23458862,ich_national,40.33333,-3.86667,60,ES
Q23458921,ich_national,40.21444,-3.85833,60,ES
Q23458984,ich_national,40.59361,-4.14278,60,ES
Q23459134,ich_national,40.28472,-4.01361,60,ES
Q23459185,ich_national,40.57818,-4.09242,60,ES
Q23459249,ich_national,40.62161,-3.90913,60,ES
Q23459290,ich_national,40.33333,-3.86667,60,ES
Q23459345,ich_national,40.11806,-3.16028,60,ES
Q116456153,ich_national,47.31583,-70.14500,60,CA
Q116463177,ich_national,50.36889,30.16972,60,UA
Q116481823,ich_national,46.64742,-71.92753,60,CA
Q116481836,ich_national,47.47888,-70.33490,60,CA
Q116505449,ich_national,47.35099,-74.78705,60,CA
Q117050878,ich_national,54.18056,-7.23250,60,IE
Q117050881,ich_national,53.46912,-9.10685,60,IE
Q117744727,ich_national,40.94806,-4.11833,60,ES
Q118121401,ich_national,63.42687,10.39710,60,NO
Q118720013,ich_national,49.95000,11.58333,60,DE
Q118952843,ich_national,51.00000,4.50000,60,BE
Q118952846,ich_national,51.00000,4.50000,60,BE
Q118953341,ich_national,51.07610,4.09610,60,BE
Q118953346,ich_national,50.64111,4.66806,60,BE
Q118953344,ich_national,51.31120,3.13240,60,BE
Q118953353,ich_national,51.00000,3.75000,60,BE
Q119643235,ich_national,46.47747,30.73262,60,UA
Q119732692,ich_national,47.81224,13.77315,60,AT
Q45811363,ich_national,51.00000,4.50000,60,BE
Q47092271,ich_national,41.82636,-1.72357,60,ES
Q47092312,ich_national,41.73784,-1.10139,60,ES
Q47092322,ich_national,42.51083,-0.81000,60,ES
Q47092389,ich_national,41.28306,-1.61667,60,ES
Q47092614,ich_national,41.33333,-1.21667,60,ES
Q47092625,ich_national,41.71408,-0.99436,60,ES
Q47092656,ich_national,41.05611,-1.56111,60,ES
Q47092675,ich_national,40.82361,-0.19750,60,ES
Q48756613,ich_national,31.06194,-7.91611,60,MA
Q48863054,ich_national,41.28639,-7.78806,60,PT
Q54881502,ich_national,51.40215,4.76180,60,BE
Q56246996,ich_national,-3.36667,105.36667,60,ID
Q56249212,ich_national,-5.44083,105.25833,60,ID
Q56267362,ich_national,-17.51845,-54.73991,60,BR
Q56413631,ich_national,-3.70500,128.17000,60,ID
Q56551134,ich_national,52.00000,-72.00000,60,CA
Q57411123,ich_national,-1.00000,100.50000,60,ID
Q57603630,ich_national,50.90970,3.39190,60,BE
Q57909612,ich_national,43.19610,-4.01428,60,ES
Q57909827,ich_national,43.35250,-3.70722,60,ES
Q57910494,ich_national,43.00194,-4.13778,60,ES
Q57961277,ich_national,43.18806,-4.04833,60,ES
Q57961336,ich_national,43.26833,-3.93417,60,ES
Q57961372,ich_national,43.12333,-4.06444,60,ES
Q57961509,ich_national,43.45556,-3.67000,60,ES
Q57961537,ich_national,43.38694,-3.73639,60,ES
Q60828335,ich_national,42.48023,-1.65954,60,ES
Q61117224,ich_national,48.91669,24.73312,60,UA
Q63244074,ich_national,-1.93608,101.34253,60,ID
Q65150416,ich_national,43.30083,-0.37000,60,FR
Q65210593,ich_national,-7.80139,110.36444,60,ID
Q65210830,ich_national,-2.00000,118.00000,60,ID
Q65210882,ich_national,-7.80139,110.36444,60,ID
Q65211321,ich_national,-7.36139,109.92667,60,ID
Q65211416,ich_national,-1.00000,100.50000,60,ID
Q31840063,ich_national,49.37722,10.17889,60,DE
Q31900204,ich_national,56.79000,14.44000,60,SE
Q39160635,ich_national,39.39010,-3.21024,60,ES
Q42165678,ich_national,50.93048,5.33850,60,BE
Q42960147,ich_national,42.49750,-2.74889,60,ES
Q42960759,ich_national,42.11389,-2.67333,60,ES
Q42961218,ich_national,42.22778,-2.10000,60,ES
Q42962811,ich_national,42.57694,-2.84611,60,ES
Q42965618,ich_national,42.30333,-1.96472,60,ES
Q42965710,ich_national,42.29750,-2.24500,60,ES
Q119733949,ich_national,47.91806,13.79944,60,AT
Q119733961,ich_national,48.56667,16.56667,60,AT
Q119733974,ich_national,48.26890,14.37220,60,AT
Q119733975,ich_national,47.20417,11.41528,60,AT
Q120403066,ich_national,37.48886,-2.77098,60,ES
Q120405365,ich_national,37.46470,-5.33726,60,ES
Q120403709,ich_national,36.78161,-2.24366,60,ES
Q65212090,ich_national,-8.35639,115.07194,60,ID
Q65212107,ich_national,-6.40503,106.81731,60,ID
Q65213510,ich_national,3.41508,116.46333,60,ID
Q65213601,ich_national,-1.80139,133.67056,60,ID
Q65275184,ich_national,42.28821,-8.14313,60,ES
Q65275190,ich_national,41.97417,-7.28250,60,ES
Q65275197,ich_national,41.88561,-7.47057,60,ES
Q66315452,ich_national,-12.77872,-38.91900,60,BR
Q66684790,ich_national,42.58814,-2.10072,60,ES
Q69529589,ich_national,47.08333,-1.66667,60,FR
Q78163761,ich_national,52.05528,27.86278,60,BY
Q90573599,ich_national,38.11993,-6.52902,60,ES
Q91640541,ich_national,40.19044,-0.65193,60,ES
Q96184332,ich_national,50.77280,4.06140,60,BE
Q96835674,ich_national,42.21278,-8.27444,60,ES
Q97235399,ich_national,-1.60333,103.58333,60,ID
Q97238283,ich_national,3.41667,97.35000,60,ID
Q97241277,ich_national,-5.44083,105.25833,60,ID
Q97306297,ich_national,51.16178,4.98999,60,BE
Q97374080,ich_national,-2.10000,106.10000,60,ID
Q100235056,ich_national,43.32944,-4.24750,60,ES
Q100989102,ich_national,-3.95000,122.50000,60,ID
Q102438548,ich_national,60.45058,22.27556,60,FI
Q105105245,ich_national,46.96839,10.53603,60,AT
Q105338690,ich_national,35.15844,139.13717,60,JP
Q105820891,ich_national,-8.29000,115.33972,60,ID
Q106102209,ich_national,50.75000,3.96667,60,BE
Q106281511,ich_national,0.92950,104.41764,60,ID
Q106309171,ich_national,0.92753,104.42113,60,ID
Q120892671,ich_national,52.39456,13.06033,60,DE
Q120892788,ich_national,47.76028,11.55667,60,DE
Q120893603,ich_national,50.00108,12.08626,60,DE
Q120886974,ich_national,51.29972,12.03306,60,DE
Q120887519,ich_national,54.36871,12.72658,60,DE
Q120889504,ich_national,51.95760,9.24800,60,DE
Q120890277,ich_national,50.80472,7.68222,60,DE
Q120891431,ich_national,51.37750,10.13444,60,DE
Q120892341,ich_national,48.33250,8.88667,60,DE
Q120892401,ich_national,50.00890,11.40650,60,DE
Q120892489,ich_national,51.02694,13.35889,60,DE
Q120892605,ich_national,50.01667,10.28333,60,DE
Q120403918,ich_national,36.69647,-6.12697,60,ES
Q120403982,ich_national,36.47133,-6.19422,60,ES
Q138509892,ich_national,-13.54804,-71.23663,60,PE
Q139269590,ich_national,49.51583,24.56639,60,UA
Q139270302,ich_national,50.62037,34.97228,60,UA
Q139276269,ich_national,50.06500,31.44500,60,UA
Q139279911,ich_national,49.58561,38.39681,60,UA
Q139726750,ich_national,35.62414,135.06094,60,JP
Q139823699,ich_national,5.42380,10.13450,60,CM
Q139823909,ich_national,5.46667,10.41667,60,CM
Q9237,ich_national,4.00000,102.00000,60,EG
Q12874,ich_national,41.53330,2.45000,60,ES
Q20673,ich_national,54.58000,9.00000,60,DE
Q33282,ich_national,52.00000,11.00000,60,BE
Q59602,ich_national,-7.45303,112.71733,60,ID
Q120894836,ich_national,51.75290,10.87540,60,DE
Q120897744,ich_national,48.16667,11.13333,60,DE
Q120906739,ich_national,49.40062,12.49480,60,DE
Q120906834,ich_national,50.66670,7.83333,60,DE
Q120906955,ich_national,53.75000,12.50000,60,DE
Q120907082,ich_national,50.47687,11.15962,60,DE
Q120907324,ich_national,50.41361,12.17833,60,DE
Q120907767,ich_national,50.85000,7.96667,60,DE
Q120907832,ich_national,51.91667,10.94972,60,DE
Q120913095,ich_national,49.89167,10.89167,60,DE
Q120913145,ich_national,49.22750,8.38458,60,DE
Q120913244,ich_national,49.22101,7.84784,60,DE
Q120913286,ich_national,48.62389,8.74722,60,DE
Q120913304,ich_national,49.00000,10.00000,60,DE
Q120913327,ich_national,49.07861,11.38556,60,DE
Q120913343,ich_national,49.05020,12.57750,60,DE
Q120913370,ich_national,50.91778,8.24667,60,DE
Q120913422,ich_national,49.61417,10.28722,60,DE
Q120913497,ich_national,48.80000,9.80000,60,DE
Q120913691,ich_national,49.61417,10.28722,60,DE
Q120913734,ich_national,54.18250,7.88528,60,DE
Q120913958,ich_national,51.48278,11.96972,60,DE
Q120914212,ich_national,48.74056,9.31083,60,DE
Q120914246,ich_national,49.30000,12.20000,60,DE
Q120932523,ich_national,47.50528,10.36944,60,DE
Q120934296,ich_national,53.75000,12.50000,60,DE
Q120934831,ich_national,50.98111,11.32944,60,DE
Q120935384,ich_national,48.90080,11.17070,60,DE
Q120937207,ich_national,51.50750,11.43083,60,DE
Q120937843,ich_national,48.53778,9.04111,60,DE
Q120965017,ich_national,51.29545,12.06583,60,DE
Q120965164,ich_national,51.88000,14.16667,60,DE
Q120965224,ich_national,54.22278,13.54667,60,DE
Q120965917,ich_national,54.47004,9.51416,60,DE
Q120966003,ich_national,49.00000,12.81667,60,DE
Q121252832,ich_national,39.25000,46.25000,60,AM
Q12400241,ich_national,42.49972,-8.72489,60,ES
Q12482583,ich_national,-7.68333,110.83333,60,ID
Q12483520,ich_national,-6.88833,109.67528,60,ID
Q12489594,ich_national,-7.01667,113.86667,60,ID
Q12491347,ich_national,-7.20469,107.88759,60,ID
Q12683133,ich_national,-6.88333,112.05000,60,ID
Q12750036,ich_national,44.46030,19.28360,60,RS
Q12794628,ich_national,46.12778,13.98750,60,SI
Q12949048,ich_national,43.30080,-0.37000,60,FR
Q15895800,ich_national,40.07243,116.01419,60,CN
Q15899496,ich_national,39.91039,116.41255,60,CN
Q15904498,ich_national,31.23251,121.45659,60,CN
Q15923548,ich_national,39.56985,115.78750,60,CN
Q16034434,ich_national,44.81202,-0.54378,60,FR
Q16241452,ich_national,-7.80046,110.39128,60,ID
Q16303295,ich_national,38.61000,-1.11447,60,ES
Q16609048,ich_national,38.50528,-0.23278,60,ES
Q16630051,ich_national,38.11500,-1.29917,60,ES
Q16847884,ich_national,-0.02056,109.34139,60,ID
Q17027492,ich_national,-6.71667,111.35000,60,ID
Q17462597,ich_national,38.99556,-1.85583,60,ES
Q17632257,ich_national,42.61540,-6.41697,60,ES
Q17632299,ich_national,42.06528,-1.60667,60,ES
Q17993325,ich_national,38.44836,-2.04900,60,ES
Q18482663,ich_national,-7.58920,-35.09803,60,BR
Q18696203,ich_national,41.34472,1.69944,60,ES
Q19009993,ich_national,42.43139,-8.64389,60,ES
Q19725078,ich_national,-4.53861,120.32972,60,ID
Q19726065,ich_national,2.61667,96.08333,60,ID
Q19738844,ich_national,-0.02056,109.34139,60,ID
Q19748825,ich_national,1.05000,116.31667,60,ID
Q19748846,ich_national,2.00000,99.00000,60,ID
Q19749073,ich_national,0.92068,104.43923,60,ID
Q19926463,ich_national,50.84431,4.35598,60,BE
Q20001242,ich_national,41.53806,1.86917,60,ES
Q20014639,ich_national,41.52068,0.35163,60,ES
Q20017036,ich_national,42.06528,-1.60667,60,ES
Q20020062,ich_national,42.28333,-8.60000,60,ES
Q20021354,ich_national,37.60194,-0.98417,60,ES
Q20021409,ich_national,39.56297,-1.91197,60,ES
Q20021609,ich_national,39.46528,-5.87889,60,ES
Q20541714,ich_national,42.06361,-7.72389,60,ES
Q20542854,ich_national,42.68927,-8.64813,60,ES
Q20544324,ich_national,42.66141,-8.11098,60,ES
Q20544553,ich_national,43.20583,-8.92278,60,ES
Q20544790,ich_national,42.71572,-7.76288,60,ES
Q20545088,ich_national,42.28333,-8.60000,60,ES
Q20545124,ich_national,42.81667,-8.41667,60,ES
Q20545134,ich_national,43.23611,-7.55833,60,ES
Q20545259,ich_national,43.27917,-8.21063,60,ES
Q122030179,ich_national,51.20380,2.84705,60,BE
Q122030555,ich_national,50.79440,4.98330,60,BE
Q122030553,ich_national,50.86667,4.18333,60,BE
Q122030559,ich_national,51.00000,4.50000,60,BE
Q122030562,ich_national,51.18417,5.11556,60,BE
Q122030561,ich_national,51.00000,4.50000,60,BE
Q122030566,ich_national,51.00000,4.50000,60,BE
Q122030564,ich_national,51.22111,4.39972,60,BE
Q122030568,ich_national,51.17220,5.57940,60,BE
Q122031279,ich_national,51.39920,4.64420,60,BE
Q122339399,ich_national,36.76444,-5.46583,60,ES
Q122883967,ich_national,-1.00000,100.50000,60,ID
Q122884063,ich_national,-1.00000,100.50000,60,ID
Q123010514,ich_national,49.95122,1.77978,60,BE
Q123010515,ich_national,51.00000,4.50000,60,BE
Q123010518,ich_national,50.74720,5.44330,60,BE
Q123010516,ich_national,50.53333,5.48333,60,BE
Q123011486,ich_national,50.76667,3.86667,60,BE
Q110665659,ich_national,47.11194,14.17306,60,AT
Q110665661,ich_national,47.45000,14.00806,60,AT
Q111544384,ich_national,43.48133,-5.43346,60,ES
Q112116147,ich_national,47.57861,13.66056,60,AT
Q145840,ich_national,63.00000,32.00000,60,
Q193027,ich_national,10.50000,15.50000,60,
Q357360,ich_national,6.75000,-1.50000,60,
Q505343,ich_national,-22.77982,-45.20443,60,
Q681814,ich_national,53.21667,6.55000,60,
Q1137679,ich_national,35.84472,103.45194,60,
Q1421422,ich_national,47.31667,10.83333,60,
Q1472255,ich_national,51.84750,5.86250,60,
Q131430739,ich_national,0.91912,104.44002,60,ID
Q132463338,ich_national,32.90000,41.60000,60,IQ
Q133844315,ich_national,39.86667,-4.03333,60,ES
Q133934563,ich_national,-23.96635,-46.30875,60,BR
Q134695271,ich_national,-20.27417,-40.30583,60,BR
Q134704348,ich_national,33.37663,130.49680,60,JP
Q134704454,ich_national,33.36056,130.44111,60,JP
Q134704568,ich_national,33.22166,130.34111,60,JP
Q136699719,ich_national,-3.73333,-73.25000,60,PE
Q136827812,ich_national,45.31944,28.45056,60,UA
Q137796118,ich_national,40.78556,-7.90639,60,PT
Q124079710,ich_national,-33.38015,-56.52250,60,UY
Q124079711,ich_national,43.24220,-8.09190,60,UY
Q124079714,ich_national,-32.31758,-58.07800,60,UY
Q124079715,ich_national,-32.94332,-53.93829,60,UY
Q124079712,ich_national,-32.31758,-58.07800,60,UY
Q124079713,ich_national,-34.09944,-56.21528,60,UY
Q124209303,ich_national,41.42611,1.78500,60,ES
Q124744092,ich_national,49.25861,28.36944,60,UA
Q126683260,ich_national,47.22667,14.85889,60,AT
Q126897720,ich_national,-21.11444,55.53250,60,FR
Q126897771,ich_national,-21.11444,55.53250,60,FR
Q126897826,ich_national,-21.11444,55.53250,60,FR
Q127037926,ich_national,-6.17528,106.82694,60,ID
Q129261116,ich_national,35.85556,14.53333,60,MT
Q129261127,ich_national,36.04500,14.25889,60,MT
Q129812085,ich_national,6.07500,116.55861,60,MY
Q131311550,ich_national,-21.11444,55.53250,60,FR
Q4924455,ich_national,-6.86667,109.15000,60,
Q5479684,ich_national,61.00000,15.00000,60,
Q6038651,ich_national,3.16139,101.66361,60,
Q7311227,ich_national,0.90000,104.45000,60,
Q7377378,ich_national,0.54000,101.45000,60,
Q1721885,ich_national,33.21064,129.84903,60,
Q1855074,ich_national,5.57028,95.34078,60,
Q1865052,ich_national,51.64830,5.94440,60,
Q1925684,ich_national,52.67750,6.00556,60,
Q2108219,ich_national,47.18500,13.85556,60,
Q2120072,ich_national,53.13330,6.56670,60,
Q2140539,ich_national,51.47060,4.66110,60,
Q2198556,ich_national,51.88330,5.43330,60,
Q2367252,ich_national,3.79111,95.91667,60,
Q2425881,ich_national,51.64830,5.94440,60,
Q2682771,ich_national,52.40720,6.89940,60,
Q2699311,ich_national,52.71667,6.46667,60,
Q2742280,ich_national,51.34220,6.13640,60,
Q3181317,ich_national,41.38250,2.17690,60,
Q3181943,ich_national,-7.04266,113.29790,60,
Q3234277,ich_national,47.00000,2.00000,60,
Q3307936,ich_national,35.00160,135.74367,60,
Q3943627,ich_national,51.88330,5.43330,60,
Q4456582,ich_national,52.23790,4.47520,60,
Q4793275,ich_national,38.00000,25.00000,60,
Q4809323,ich_national,52.15222,5.00639,60,
Q12523907,ich_national,-7.20469,107.88759,60,
Q12948567,ich_national,44.83333,-0.66667,60,
Q13200231,ich_national,-6.75000,107.50000,60,
Q17164242,ich_national,31.30000,120.61944,60,
Q20683546,ich_national,51.35083,5.45972,60,
Q20991797,ich_national,50.76864,5.80944,60,
Q21004620,ich_national,51.91560,5.83780,60,
Q21029550,ich_national,47.94945,-4.34115,60,
Q21035141,ich_national,43.64000,-1.43131,60,
Q21554829,ich_national,47.44722,-2.24167,60,
Q22944244,ich_national,42.88306,-1.93556,60,
Q25469230,ich_national,-6.75000,107.50000,60,
Q56249253,ich_national,-6.53333,110.66667,60,
Q56378194,ich_national,50.84417,5.69139,60,
Q56420443,ich_national,-7.41667,-42.90000,60,
Q56551090,ich_national,49.66667,-64.50000,60,
Q56551103,ich_national,52.00000,-72.00000,60,
Q56650369,ich_national,5.75000,0.00000,60,
Q64932191,ich_national,50.86064,5.85505,60,
Q65210027,ich_national,-5.10273,105.68003,60,
Q65210670,ich_national,-6.12000,106.15028,60,
Q65211993,ich_national,-8.46000,118.72667,60,
Q67415162,ich_national,57.72972,12.90278,60,
Q110727390,ich_national,52.00000,-72.00000,60,
Q111297626,ich_national,37.48212,-3.43052,60,
Q112978608,ich_national,60.87228,15.11567,60,
Q7446149,ich_national,-6.71667,108.56667,60,
Q10324896,ich_national,-7.74000,-35.22200,60,
Q10884781,ich_national,39.92675,116.38873,60,
Q11442780,ich_national,35.62544,138.58314,60,
Q11450184,ich_national,34.36237,136.90463,60,
Q113129713,ich_national,47.15000,14.36667,60,
Q117707514,ich_national,42.98333,-0.40000,60,
Q113129783,ich_national,47.00764,12.43962,60,
Q113129787,ich_national,47.80333,13.04250,60,
Q90374203,ich_national,51.59110,5.32750,60,
Q97235200,ich_national,0.54000,101.45000,60,
Q97239327,ich_national,-7.80139,110.36444,60,
Q97375141,ich_national,-5.44083,105.25833,60,
Q120648586,ich_national,49.98444,29.25139,60,
Q120648815,ich_national,48.21389,23.32861,60,
Q121483583,ich_national,46.48275,30.20139,60,
Q123909951,ich_national,59.24722,17.86028,60,
Q123909953,ich_national,59.77723,15.28588,60,
Q124020996,ich_national,-0.11764,34.54064,60,
Q124063944,ich_national,48.13333,37.75000,60,
Q129307715,ich_national,3.75000,102.50000,60,
Q130525133,ich_national,49.66667,-64.50000,60,
Q134444895,ich_national,49.73000,23.61111,60,
Q138049899,ich_national,46.61050,14.54362,60,
Q138089640,ich_national,47.66667,14.80000,60,
Q138090465,ich_national,48.20833,16.37250,60,
Q138357269,ich_national,41.55556,2.10278,60,
Q138511210,ich_national,-14.69395,-74.12413,60,
Q138917608,ich_national,51.34000,32.06000,60,
Q138918229,ich_national,48.00100,24.81906,60,
Q139269386,ich_national,49.89972,24.16417,60,
Q139269468,ich_national,49.19722,28.58333,60,
Q139270254,ich_national,48.46985,34.73763,60,
Q139276936,ich_national,50.48333,24.28333,60,
Q139277446,ich_national,47.40000,32.45000,60,
Q139277934,ich_national,49.18848,23.76530,60,
Q139278334,ich_national,47.43000,31.80000,60,
Q139279375,ich_national,49.82333,24.51667,60,
Q139279427,ich_national,50.98953,29.77261,60,
Q139282995,ich_national,48.28000,26.01000,60,
Q139283467,ich_national,49.58306,38.16889,60,
Q139283757,ich_national,49.51667,38.71667,60,
Q139284387,ich_national,47.48486,37.93348,60,
Q139284928,ich_national,48.28000,26.01000,60,
Q139287945,ich_national,48.65820,24.50475,60,
Q139383842,ich_national,50.37011,33.99529,60,
Q139413840,ich_national,49.29250,31.45806,60,
Q139547081,ich_national,48.73226,25.85858,60,
Q140528708,ich_national,49.19194,39.83667,60,
Q23832,ich_national,31.23250,121.46917,60,