id,list,name,country
02329,USL,Art of crafting and playing Kobyz,Uzbekistan
02310,USL,Art of playing singing and making the lahuta,Albania
02328,USL,Boreendo Bhorindo: ancient dying folk musical instrument its melodies knowledge and skills,Pakistan
02300,USL,Construction processes of the quincha house and the junta de embarre / embarra,Panama
01737,USL,Craft of making Đông Hồ Folk woodblock printings,Viet Nam
02332,USL,Moliceiro boat: naval carpentry art of the Aveiro region,Portugal
02297,USL,Mwazindika spiritual dance of the Daida community of Kenya,Kenya
02159,USL,Ñai'ũpo art ancestral ceramic craftsmanship,Paraguay
02088,USL,Negliubka textile tradition of Vetka District Gomel Region,Belarus
02316,USL,The practice of making Asin Tibuok the artisanal sea salt of the Boholano of Bohol Island Philippines,Philippines
02307,USL,The social and cultural traditions associated with landships in Barbados,Barbados
02279,RL,Al Ahalla a living performing art in the United Arab Emirates,United Arab Emirates
02223,RL,Al Sadu traditional weaving skills in the United Arab Emirates,United Arab Emirates
02275,RL,Al-Jertiq: practices rituals and expressions for preservation protection abundance and fertility in Sudan,Sudan
02276,RL,Al-Mihrass tree: knowledge skills and rituals associated with it,Jordan
02244,RL,Al-Muhaibis: social practices and traditions associated with it,Iraq
02246,RL,Amateur theatre acting in Czechia,Czechia
02294,RL,Antep İşi drawn thread embroidery of Gaziantep,Türkiye
02261,RL,Arabic Kohl,Syrian Arab Republic
02261,RL,Arabic Kohl,Iraq
02261,RL,Arabic Kohl,Jordan
02261,RL,Arabic Kohl,Libya
02261,RL,Arabic Kohl,Oman
02261,RL,Arabic Kohl,State of Palestine
02261,RL,Arabic Kohl,Saudi Arabia
02261,RL,Arabic Kohl,Tunisia
02261,RL,Arabic Kohl,United Arab Emirates
02319,RL,Ayeneh-Kari the art of mirror-work in Persian architecture,Iran (Islamic Republic of)
02265,RL,Bagpipes and bagpipe playing in Bulgaria: transmission of knowledge and skills,Bulgaria
02230,RL,Basketry traditions,Poland
02267,RL,Behzad's style of miniature art,Afghanistan
02233,RL,Bisht (men's Abaa): skills and practices,Qatar
02233,RL,Bisht (men's Abaa): skills and practices,Bahrain
02233,RL,Bisht (men's Abaa): skills and practices,Iraq
02233,RL,Bisht (men's Abaa): skills and practices,Jordan
02233,RL,Bisht (men's Abaa): skills and practices,Kuwait
02233,RL,Bisht (men's Abaa): skills and practices,Oman
02233,RL,Bisht (men's Abaa): skills and practices,Saudi Arabia
02233,RL,Bisht (men's Abaa): skills and practices,Syrian Arab Republic
02233,RL,Bisht (men's Abaa): skills and practices,United Arab Emirates
02313,RL,Brussels' rod marionette tradition,Belgium
02298,RL,Christmas Bram and Sambai of Gales Point Manatee Belize,Belize
02262,RL,Cobza traditional knowledge skills and music,Romania
02262,RL,Cobza traditional knowledge skills and music,Republic of Moldova
02288,RL,Commandaria wine,Cyprus
02243,RL,Cuarteto: music dance and lyrics in the city of Córdoba Argentina,Argentina
02336,RL,Culture of Sumanak/Sumalak cooking,Tajikistan
02312,RL,Deepavali,India
02271,RL,Family tradition circus in Chile,Chile
02306,RL,Festivity of the Virgen of Guadalupe - Patroness of Sucre,Bolivia (Plurinational State of)
02335,RL,Georgian wheat culture: traditions and rituals,Georgia
02315,RL,Gifaataa Wolaita people New Year festival,Ethiopia
02260,RL,Guruna a practice of pastoral socio-cultural and artistic retreats centered on livestock among the Massa,Chad
02260,RL,Guruna a practice of pastoral socio-cultural and artistic retreats centered on livestock among the Massa,Cameroon
02232,RL,Hadrami Dan gathering,Yemen
02224,RL,Hezhen Yimakan storytelling,China
02141,RL,Highlife music and dance,Ghana
02093,RL,Italian cooking between sustainability and biocultural diversity,Italy
02092,RL,Joropo in Venezuela,Venezuela (Bolivarian Republic of)
02318,RL,Kithul Madeema/Kithul Kapeema an ancient indigenous technology for tapping Kithul in Sri Lanka,Sri Lanka
02278,RL,Koshary daily life dish and practices associated with it,Egypt
02077,RL,Moroccan Caftan: art traditions and skills,Morocco
02253,RL,Mvet Oyeng musical art practices and skills associated with the Ekang community,Gabon
02253,RL,Mvet Oyeng musical art practices and skills associated with the Ekang community,Cameroon
02253,RL,Mvet Oyeng musical art practices and skills associated with the Ekang community,Congo
02274,RL,Pantun,Indonesia
02274,RL,Pantun,Malaysia
02274,RL,Pantun,Brunei Darussalam
02237,RL,Representation of the Passion Death and Resurrection of Christ in Iztapalapa,Mexico
02071,RL,Sarawja Aimara music and dance of Moquegua,Peru
02249,RL,Swimming pool culture in Iceland,Iceland
02309,RL,Tchiloli living theatre of Sao Tome and Principe in the quest of justice,Sao Tome and Principe
02269,RL,The art of breeding Turkmen alabay,Turkmenistan
02241,RL,The bearing of the sacred stone or the rites of the New Year in the Guin country in Togo,Togo
02273,RL,The Compas of Haiti,Haiti
02240,RL,The Confraternity of flowers and palms,El Salvador
02281,RL,The Diwaniya a unifying cultural practice in Kuwait,Kuwait
02299,RL,The practice of Cuban Son,Cuba
02283,RL,The zaffa in the traditional wedding,Djibouti
02283,RL,The zaffa in the traditional wedding,Comoros
02283,RL,The zaffa in the traditional wedding,United Arab Emirates
02283,RL,The zaffa in the traditional wedding,Iraq
02283,RL,The zaffa in the traditional wedding,Jordan
02283,RL,The zaffa in the traditional wedding,Mauritania
02283,RL,The zaffa in the traditional wedding,Somalia
02123,RL,Traditional knowledge and cultural contexts of making Maksym a traditional Kyrgyz beverage,Kyrgyzstan
02284,RL,Traditional knowledge and skills in making Kyrgyz Kazakh and Karakalpak yurts (Turkic nomadic dwellings),Kazakhstan
02284,RL,Traditional knowledge and skills in making Kyrgyz Kazakh and Karakalpak yurts (Turkic nomadic dwellings),Kyrgyzstan
02284,RL,Traditional knowledge and skills in making Kyrgyz Kazakh and Karakalpak yurts (Turkic nomadic dwellings),Uzbekistan
02322,RL,Traditional Saree weaving art of Tangail,Bangladesh
02293,RL,Traditional skills techniques and knowledge for the conservation and transmission of wooden architecture in Japan,Japan
02158,RL,Traditional weaving of Al Sadu,Saudi Arabia
02158,RL,Traditional weaving of Al Sadu,Kuwait
02158,RL,Traditional weaving of Al Sadu,Qatar
02272,RL,Tsapiky rhythm and musical style characteristic of the South-West region of Madagascar,Madagascar
02291,RL,Washi craftsmanship of traditional Japanese hand-made paper,Japan
02292,RL,Yama Hoko Yatai float festivals in Japan,Japan
02287,RL,Yodelling,Switzerland
02314,BSP,Community safeguarding and documenting of the 'Lastovo Poklad' carnival custom,Croatia
02473,BSP,Safeguarding programme for Al Sadu traditional weaving skills in the United Arab Emirates,United Arab Emirates
02474,BSP,Safeguarding programme for Hezhen Yimakan storytelling,China
01969,USL,Reog Ponorogo performing art,Indonesia
02117,USL,Wosana ritual and associated practices,Botswana
02111,RL,Arabic coffee a symbol of generosity,United Arab Emirates
02111,RL,Arabic coffee a symbol of generosity,Oman
02111,RL,Arabic coffee a symbol of generosity,Qatar
02111,RL,Arabic coffee a symbol of generosity,Saudi Arabia
02111,RL,Arabic coffee a symbol of generosity,Jordan
02143,RL,Art of crafting and playing rubab/rabab,Afghanistan
02143,RL,Art of crafting and playing rubab/rabab,Iran (Islamic Republic of)
02143,RL,Art of crafting and playing rubab/rabab,Tajikistan
02143,RL,Art of crafting and playing rubab/rabab,Uzbekistan
02106,RL,Art of dry stone construction knowledge and techniques,Croatia
02106,RL,Art of dry stone construction knowledge and techniques,Cyprus
02106,RL,Art of dry stone construction knowledge and techniques,France
02106,RL,Art of dry stone construction knowledge and techniques,Greece
02106,RL,Art of dry stone construction knowledge and techniques,Italy
02106,RL,Art of dry stone construction knowledge and techniques,Slovenia
02106,RL,Art of dry stone construction knowledge and techniques,Spain
02106,RL,Art of dry stone construction knowledge and techniques,Switzerland
02106,RL,Art of dry stone construction knowledge and techniques,Andorra
02106,RL,Art of dry stone construction knowledge and techniques,Austria
02106,RL,Art of dry stone construction knowledge and techniques,Belgium
02106,RL,Art of dry stone construction knowledge and techniques,Ireland
02106,RL,Art of dry stone construction knowledge and techniques,Luxembourg
01959,RL,Asturian cider culture,Spain
01746,RL,Betashar traditional wedding ritual,Kazakhstan
02113,RL,Breakfast culture in Malaysia: dining experience in a multi-ethnic society,Malaysia
02144,RL,Ceremony of Mehregan,Tajikistan
02144,RL,Ceremony of Mehregan,Iran (Islamic Republic of)
02081,RL,Cooking and eating Mulgi puder traditional mashed potato with barley in the Mulgimaa region Estonia,Estonia
02132,RL,Craftsmanship of Aleppo Ghar soap,Syrian Arab Republic
02130,RL,Craftsmanship of traditional woven textile Kente,Ghana
01892,RL,Csárdás dance tradition,Hungary
02131,RL,Cultural practices and expressions linked to Balafon and Kolintang in Mali Burkina Faso Côte d'Ivoire and Indonesia,Mali
02131,RL,Cultural practices and expressions linked to Balafon and Kolintang in Mali Burkina Faso Côte d'Ivoire and Indonesia,Burkina Faso
02131,RL,Cultural practices and expressions linked to Balafon and Kolintang in Mali Burkina Faso Côte d'Ivoire and Indonesia,Côte d'Ivoire
02131,RL,Cultural practices and expressions linked to Balafon and Kolintang in Mali Burkina Faso Côte d'Ivoire and Indonesia,Indonesia
02115,RL,Cultural practices and expressions linked to Krama a traditional woven textile in Cambodia,Cambodia
02089,RL,Cultural practices related to Taif roses,Saudi Arabia
02096,RL,Custom of Korean costume: traditional knowledge skills and social practices in the Democratic People's Republic of Korea,Democratic People’s Republic of Korea
01895,RL,Durbar in Kano,Nigeria
02079,RL,Equestrian art in Portugal,Portugal
01999,RL,Festival of Bà Chúa Xứ Goddess at Sam Mountain,Viet Nam
02099,RL,Fonelamvonglao (lamvonglao),Lao People's Democratic Republic
02108,RL,Funfair culture,Belgium
02108,RL,Funfair culture,France
02128,RL,Guarania sound of Paraguayan soul,Paraguay
02116,RL,Henna: rituals aesthetic and social practices,United Arab Emirates
02116,RL,Henna: rituals aesthetic and social practices,Algeria
02116,RL,Henna: rituals aesthetic and social practices,Bahrain
02116,RL,Henna: rituals aesthetic and social practices,Egypt
02116,RL,Henna: rituals aesthetic and social practices,Iraq
02116,RL,Henna: rituals aesthetic and social practices,Jordan
02116,RL,Henna: rituals aesthetic and social practices,Kuwait
02116,RL,Henna: rituals aesthetic and social practices,Mauritania
02116,RL,Henna: rituals aesthetic and social practices,Morocco
02116,RL,Henna: rituals aesthetic and social practices,Oman
02116,RL,Henna: rituals aesthetic and social practices,State of Palestine
02116,RL,Henna: rituals aesthetic and social practices,Qatar
02116,RL,Henna: rituals aesthetic and social practices,Saudi Arabia
02116,RL,Henna: rituals aesthetic and social practices,Sudan
02116,RL,Henna: rituals aesthetic and social practices,Tunisia
02116,RL,Henna: rituals aesthetic and social practices,Yemen
02129,RL,Intore,Rwanda
01881,RL,K'cimi dancing of Tropojë,Albania
02090,RL,Kebaya: knowledge skills traditions and practices,Brunei Darussalam
02090,RL,Kebaya: knowledge skills traditions and practices,Indonesia
02090,RL,Kebaya: knowledge skills traditions and practices,Malaysia
02090,RL,Kebaya: knowledge skills traditions and practices,Singapore
02090,RL,Kebaya: knowledge skills traditions and practices,Thailand
01975,RL,Knowledge beliefs and practices related to jang making in the Republic of Korea,Republic of Korea
01887,RL,Living pictures of Galeras Sucre,Colombia
01855,RL,Mangwengwe dance,Zambia
02100,RL,Manual bell ringing,Spain
02100,RL,Manual bell ringing,Italy
02101,RL,Messosporitissa Festivity (All-holy Mother of God of the Mid-Sowing Season Festivity) Feast of Our Lady at the Ancient Ruins,Greece
02091,RL,Mongol nomad migration and its associated practices,Mongolia
02085,RL,Myanmar traditional New Year Atā Thingyan festival,Myanmar
02104,RL,Naïve painting practices of Kovačica,Serbia
02097,RL,Nawrouz Novruz Nowrouz Nowrouz Nawrouz Nauryz Nooruz Nowruz Navruz Nevruz Nowruz Navruz,Afghanistan
02097,RL,Nawrouz Novruz Nowrouz Nowrouz Nawrouz Nauryz Nooruz Nowruz Navruz Nevruz Nowruz Navruz,Azerbaijan
02097,RL,Nawrouz Novruz Nowrouz Nowrouz Nawrouz Nauryz Nooruz Nowruz Navruz Nevruz Nowruz Navruz,India
02097,RL,Nawrouz Novruz Nowrouz Nowrouz Nawrouz Nauryz Nooruz Nowruz Navruz Nevruz Nowruz Navruz,Iran (Islamic Republic of)
02097,RL,Nawrouz Novruz Nowrouz Nowrouz Nawrouz Nauryz Nooruz Nowruz Navruz Nevruz Nowruz Navruz,Iraq
02097,RL,Nawrouz Novruz Nowrouz Nowrouz Nawrouz Nauryz Nooruz Nowruz Navruz Nevruz Nowruz Navruz,Kazakhstan
02097,RL,Nawrouz Novruz Nowrouz Nowrouz Nawrouz Nauryz Nooruz Nowruz Navruz Nevruz Nowruz Navruz,Kyrgyzstan
02097,RL,Nawrouz Novruz Nowrouz Nowrouz Nawrouz Nauryz Nooruz Nowruz Navruz Nevruz Nowruz Navruz,Uzbekistan
02097,RL,Nawrouz Novruz Nowrouz Nowrouz Nawrouz Nauryz Nooruz Nowruz Navruz Nevruz Nowruz Navruz,Pakistan
02097,RL,Nawrouz Novruz Nowrouz Nowrouz Nawrouz Nauryz Nooruz Nowruz Navruz Nevruz Nowruz Navruz,Tajikistan
02097,RL,Nawrouz Novruz Nowrouz Nowrouz Nawrouz Nauryz Nooruz Nowruz Navruz Nevruz Nowruz Navruz,Türkiye
02097,RL,Nawrouz Novruz Nowrouz Nowrouz Nawrouz Nauryz Nooruz Nowruz Navruz Nevruz Nowruz Navruz,Turkmenistan
02097,RL,Nawrouz Novruz Nowrouz Nowrouz Nawrouz Nauryz Nooruz Nowruz Navruz Nevruz Nowruz Navruz,Mongolia
02140,RL,Ngondo worship of water oracles and associated cultural traditions among the Sawa,Cameroon
01875,RL,Performing arts among the Twāyef of Ghbonten,Tunisia
02137,RL,Pilgrimage to Watt Town,Jamaica
02134,RL,Pysanka Ukrainian tradition and art of decorating eggs,Ukraine
02134,RL,Pysanka Ukrainian tradition and art of decorating eggs,Estonia
02155,RL,Qiang New Year festival,China
02119,RL,Semsemiah: instrument crafting and playing,Egypt
02119,RL,Semsemiah: instrument crafting and playing,Saudi Arabia
01872,RL,Sevdalinka traditional urban folk song,Bosnia and Herzegovina
02138,RL,Shakespeare Mas' a traditional component of Carriacou's annual carnival,Grenada
02105,RL,Skills of Parisian zinc roofers and ornamentalists,France
02086,RL,Skills related to Attiéké production in Côte d’Ivoire,Côte d'Ivoire
02126,RL,Spring festival social practices of the Chinese people in celebration of traditional new year,China
02109,RL,Summer farming at fäbod and seter: knowledge traditions and practices related to the grazing of outlying lands and artisan food production,Sweden
02109,RL,Summer farming at fäbod and seter: knowledge traditions and practices related to the grazing of outlying lands and artisan food production,Norway
02120,RL,Tandir craftsmanship and bread baking in Azerbaijan,Azerbaijan
01991,RL,Technique of making the giant kites of Santiago Sacatepéquez and Sumpango Guatemala,Guatemala
01692,RL,The Epic of Samba Gueladio,Mauritania
02139,RL,The women’s ceremonial costume in the Eastern region of Algeria: knowledge and skills associated with the making and adornment of the Gandoura the Melehfa the Caftan the Quat and the Lhef,Algeria
01879,RL,Tomyum Kung,Thailand
02112,RL,Tradition of Nabulsi soap making in Palestine,State of Palestine
02114,RL,Traditional bagpipe (Gayda/Tulum) making and performing,North Macedonia
02114,RL,Traditional bagpipe (Gayda/Tulum) making and performing,Türkiye
02084,RL,Traditional costumes in Norway craftsmanship and social practice,Norway
02156,RL,Traditional design and practices for building Chinese wooden arch bridges,China
02118,RL,Traditional knowledge and practices for the making and consumption of cassava bread,Cuba
02118,RL,Traditional knowledge and practices for the making and consumption of cassava bread,Dominican Republic
02118,RL,Traditional knowledge and practices for the making and consumption of cassava bread,Haiti
02118,RL,Traditional knowledge and practices for the making and consumption of cassava bread,Honduras
02118,RL,Traditional knowledge and practices for the making and consumption of cassava bread,Venezuela (Bolivarian Republic of)
01977,RL,Traditional knowledge and skills of sake-making with koji mold in Japan,Japan
02153,RL,Traditional Li textile techniques: spinning dyeing weaving and embroidering,China
02102,RL,Traditional ways of making Artisan Minas Cheese in Minas Gerais,Brazil
01954,RL,Vytsinanka traditional art of paper cutting in Belarus,Belarus
02087,RL,Xeer Ciise: Oral customary laws of Somali-Issa communities in Ethiopia Djibouti and Somalia,Ethiopia
02087,RL,Xeer Ciise: Oral customary laws of Somali-Issa communities in Ethiopia Djibouti and Somalia,Djibouti
02087,RL,Xeer Ciise: Oral customary laws of Somali-Issa communities in Ethiopia Djibouti and Somalia,Somalia
02080,BSP,Oman Youth Sail Training Ship (Safinat Shabab Oman) programme for peace and sustainable cultural dialogue,Oman
02136,BSP,Safeguarding programme of kobza and wheel lyre tradition,Ukraine
02107,BSP,School of Crafts ÚĽUV,Slovakia
01992,USL,Ancestral and traditional techniques for the elaboration of the 'Poncho Para'i de 60 Listas' from the city of Piribebuy Republic of Paraguay,Paraguay
01996,USL,Ingoma Ya Mapiko,Mozambique
01610,USL,Mek Mulung,Malaysia
01983,USL,Traditional knowledge methods and practices concerning olive cultivation,Türkiye
01956,USL,Traditional Syrian glassblowing,Syrian Arab Republic
02001,USL,Xeedho,Djibouti
01564,RL,Aklan piña handloom weaving,Philippines
02000,RL,Al-Man’ouché an emblematic culinary practice in Lebanon,Lebanon
01966,RL,Alpine pasture season,Switzerland
01978,RL,Art of Akhal-Teke horse breeding and traditions of horses' decoration,Turkmenistan
01981,RL,Art of illumination: Təzhib/Tazhib/Zarhalkori/Tezhip/Naqqoshlik,Azerbaijan
01981,RL,Art of illumination: Təzhib/Tazhib/Zarhalkori/Tezhip/Naqqoshlik,Iran (Islamic Republic of)
01981,RL,Art of illumination: Təzhib/Tazhib/Zarhalkori/Tezhip/Naqqoshlik,Tajikistan
01981,RL,Art of illumination: Təzhib/Tazhib/Zarhalkori/Tezhip/Naqqoshlik,Türkiye
01981,RL,Art of illumination: Təzhib/Tazhib/Zarhalkori/Tezhip/Naqqoshlik,Uzbekistan
01951,RL,Arts skills and practices associated with engraving on metals (gold silver and copper),Iraq
01951,RL,Arts skills and practices associated with engraving on metals (gold silver and copper),Algeria
01951,RL,Arts skills and practices associated with engraving on metals (gold silver and copper),Egypt
01951,RL,Arts skills and practices associated with engraving on metals (gold silver and copper),Mauritania
01951,RL,Arts skills and practices associated with engraving on metals (gold silver and copper),Morocco
01951,RL,Arts skills and practices associated with engraving on metals (gold silver and copper),State of Palestine
01951,RL,Arts skills and practices associated with engraving on metals (gold silver and copper),Saudi Arabia
01951,RL,Arts skills and practices associated with engraving on metals (gold silver and copper),Sudan
01951,RL,Arts skills and practices associated with engraving on metals (gold silver and copper),Tunisia
01951,RL,Arts skills and practices associated with engraving on metals (gold silver and copper),Yemen
01990,RL,Bolero: identity emotion and poetry turned into song,Cuba
01990,RL,Bolero: identity emotion and poetry turned into song,Mexico
01989,RL,Ceramic arts in Uzbekistan,Uzbekistan
01958,RL,Ch'utillos the Festival of San Bartolomé and San Ignacio de Loyola the meeting of cultures in Potosí,Bolivia (Plurinational State of)
01704,RL,Craftsmanship and performing art of balaban/mey,Azerbaijan
01704,RL,Craftsmanship and performing art of balaban/mey,Türkiye
01874,RL,Craftsmanship of mother of pearl inlay,Azerbaijan
01874,RL,Craftsmanship of mother of pearl inlay,Türkiye
01998,RL,Dabkeh traditional dance in Palestine,State of Palestine
01985,RL,Elechek Kyrgyz female headwear: traditional knowledge and rituals,Kyrgyzstan
01962,RL,Garba of Gujarat,India
01744,RL,Harees dish: know-how skills and practices,United Arab Emirates
01744,RL,Harees dish: know-how skills and practices,Oman
01744,RL,Harees dish: know-how skills and practices,Saudi Arabia
01740,RL,Hiragasy a performing art of the Central Highlands of Madagascar,Madagascar
01984,RL,Iftar/Eftari/Iftar/Iftor and its socio-cultural traditions,Azerbaijan
01984,RL,Iftar/Eftari/Iftar/Iftor and its socio-cultural traditions,Iran (Islamic Republic of)
01984,RL,Iftar/Eftari/Iftar/Iftor and its socio-cultural traditions,Türkiye
01984,RL,Iftar/Eftari/Iftar/Iftor and its socio-cultural traditions,Uzbekistan
01972,RL,Jamu wellness culture,Indonesia
01988,RL,Junkanoo,Bahamas
01961,RL,Knowledge craft and skills of handmade glass production,Czechia
01961,RL,Knowledge craft and skills of handmade glass production,Finland
01961,RL,Knowledge craft and skills of handmade glass production,France
01961,RL,Knowledge craft and skills of handmade glass production,Germany
01961,RL,Knowledge craft and skills of handmade glass production,Hungary
01961,RL,Knowledge craft and skills of handmade glass production,Spain
01960,RL,Mahadra a community system for transmission of traditional knowledge and oral expressions,Mauritania
01592,RL,Malhun a popular poetic and musical art,Morocco
01871,RL,Maltese Village Festa an annual community celebration,Malta
01968,RL,Midwifery: knowledge skills and practices,Colombia
01968,RL,Midwifery: knowledge skills and practices,Cyprus
01968,RL,Midwifery: knowledge skills and practices,Germany
01968,RL,Midwifery: knowledge skills and practices,Kyrgyzstan
01968,RL,Midwifery: knowledge skills and practices,Luxembourg
01968,RL,Midwifery: knowledge skills and practices,Nigeria
01968,RL,Midwifery: knowledge skills and practices,Slovenia
01968,RL,Midwifery: knowledge skills and practices,Togo
01955,RL,Nguon rituals of governance and associated expressions in the Bamoun community,Cameroon
01982,RL,Polonaise traditional Polish dance,Poland
01952,RL,Practices and meanings associated with the preparation and consumption of ceviche an expression of Peruvian traditional cuisine,Peru
01896,RL,Procession and celebrations of Prophet Mohammed's birthday in Sudan,Sudan
01589,RL,Rickshaws and rickshaw painting in Dhaka,Bangladesh
01870,RL,Rotterdam Summer Carnival,Netherlands (Kingdom of the)
01713,RL,Sadeh/Sada celebration,Iran (Islamic Republic of)
01713,RL,Sadeh/Sada celebration,Tajikistan
01974,RL,Sango Festival Oyo,Nigeria
01845,RL,Shuwalid festival,Ethiopia
01987,RL,Sodai straw garden making in Lithuania,Lithuania
01994,RL,Sona drawings and geometric figures on sand,Angola
01719,RL,Songkran in Thailand traditional Thai New Year festival,Thailand
01980,RL,The practice of opera singing in Italy,Italy
01967,RL,Tradition of blacksmithing in Gyumri,Armenia
01973,RL,Traditional craft of Naga motif weaving in Lao communities,Lao People's Democratic Republic
01950,RL,Traditional craft skills and arts of Al-Mudhif building,Iraq
01979,RL,Traditional irrigation: knowledge technique and organization,Austria
01979,RL,Traditional irrigation: knowledge technique and organization,Belgium
01979,RL,Traditional irrigation: knowledge technique and organization,Germany
01979,RL,Traditional irrigation: knowledge technique and organization,Italy
01979,RL,Traditional irrigation: knowledge technique and organization,Luxembourg
01979,RL,Traditional irrigation: knowledge technique and organization,Netherlands (Kingdom of the)
01979,RL,Traditional irrigation: knowledge technique and organization,Switzerland
01484,RL,Traditional knowledge and skills of production of the atlas and adras fabrics,Tajikistan
01949,RL,Traditional skills of loincloth weaving in Côte d’Ivoire,Côte d'Ivoire
01893,RL,Traditional wooden boatbuilding in Carriacou and Petite Martinique,Grenada
01964,RL,Transhumance the seasonal droving of livestock,Albania
01964,RL,Transhumance the seasonal droving of livestock,Andorra
01964,RL,Transhumance the seasonal droving of livestock,Austria
01964,RL,Transhumance the seasonal droving of livestock,Croatia
01964,RL,Transhumance the seasonal droving of livestock,France
01964,RL,Transhumance the seasonal droving of livestock,Greece
01964,RL,Transhumance the seasonal droving of livestock,Italy
01964,RL,Transhumance the seasonal droving of livestock,Luxembourg
01964,RL,Transhumance the seasonal droving of livestock,Romania
01964,RL,Transhumance the seasonal droving of livestock,Spain
01888,BSP,ICH safeguarding practices program for the cultural and ecologic Sea Turtle Festival of Armila,Panama
01976,BSP,Nyckelharpa network an innovative dissemination of a music and instrument-building tradition with roots in Sweden,Sweden
01856,BSP,Program for the safeguarding of the Bandos and Parrandas of the Holy Innocents of Caucagua: nuclei of initiation and transmission of wisdoms and community councils,Venezuela (Bolivarian Republic of)
00622,BSP,Safeguarding foster care heritage in the merciful city of Geel: a community-based care model,Belgium
01574,USL,Art of pottery-making of Chăm people,Viet Nam
01852,USL,Culture of Ukrainian borscht cooking,Ukraine
01847,USL,Quinchamalí and Santa Cruz de Cuca pottery,Chile
00655,USL,Traditional Ahlat stonework,Türkiye
01880,USL,Xhubleta skills craftsmanship and forms of usage,Albania
01712,RL,Al Talli traditional embroidery skills in the United Arab Emirates,United Arab Emirates
01844,RL,Al-Khanjar craft skills and social practices,Oman
01849,RL,Al-Mansaf in Jordan a festive banquet and its social and cultural meanings,Jordan
01717,RL,Alheda'a oral traditions of calling camel flocks,Saudi Arabia
01717,RL,Alheda'a oral traditions of calling camel flocks,Oman
01717,RL,Alheda'a oral traditions of calling camel flocks,United Arab Emirates
01886,RL,Ancestral system of knowledge of the four indigenous peoples Arhuaco Kankuamo Kogui and Wiwa of the Sierra Nevada de Santa Marta,Colombia
01883,RL,Artisanal know-how and culture of baguette bread,France
01726,RL,August 15th (Dekapentavgoustos) festivities in two Highland Communities of Northern Greece: Tranos Choros (Grand Dance) in Vlasti and Syrrako Festival,Greece
01846,RL,Bear festivities in the Pyrenees,Andorra
01846,RL,Bear festivities in the Pyrenees,France
01857,RL,Beekeeping in Slovenia a way of life,Slovenia
01867,RL,Crafting and playing the Oud,Iran (Islamic Republic of)
01867,RL,Crafting and playing the Oud,Syrian Arab Republic
01685,RL,Culture of Çay (tea) a symbol of identity hospitality and social interaction,Azerbaijan
01685,RL,Culture of Çay (tea) a symbol of identity hospitality and social interaction,Türkiye
01902,RL,Date palm knowledge skills traditions and practices,United Arab Emirates
01902,RL,Date palm knowledge skills traditions and practices,Bahrain
01902,RL,Date palm knowledge skills traditions and practices,Egypt
01902,RL,Date palm knowledge skills traditions and practices,Iraq
01902,RL,Date palm knowledge skills traditions and practices,Jordan
01902,RL,Date palm knowledge skills traditions and practices,Kuwait
01902,RL,Date palm knowledge skills traditions and practices,Mauritania
01902,RL,Date palm knowledge skills traditions and practices,Morocco
01902,RL,Date palm knowledge skills traditions and practices,Oman
01902,RL,Date palm knowledge skills traditions and practices,State of Palestine
01902,RL,Date palm knowledge skills traditions and practices,Qatar
01902,RL,Date palm knowledge skills traditions and practices,Saudi Arabia
01902,RL,Date palm knowledge skills traditions and practices,Sudan
01902,RL,Date palm knowledge skills traditions and practices,Tunisia
01902,RL,Date palm knowledge skills traditions and practices,Yemen
01700,RL,Festivals related to the Journey of the Holy family in Egypt,Egypt
01891,RL,Festivity of Saint Tryphon and the Kolo (chain dance) of Saint Tryphon traditions of Croats from Boka Kotorska (Bay of Kotor) who live in the Republic of Croatia,Croatia
01701,RL,Furyu-odori ritual dances imbued with people’s hopes and prayers,Japan
01710,RL,Harissa knowledge skills and culinary and social practices,Tunisia
01854,RL,Holy Week in Guatemala,Guatemala
01730,RL,Hungarian string band tradition,Hungary
01698,RL,Kalela dance,Zambia
01863,RL,Knowledge and practices related to cultivating Khawlani coffee beans,Saudi Arabia
01724,RL,Knowledge of the light rum masters,Cuba
01868,RL,Kun Lbokator traditional martial arts in Cambodia,Cambodia
01687,RL,Lipizzan horse breeding traditions,Austria
01687,RL,Lipizzan horse breeding traditions,Bosnia and Herzegovina
01687,RL,Lipizzan horse breeding traditions,Croatia
01687,RL,Lipizzan horse breeding traditions,Hungary
01687,RL,Lipizzan horse breeding traditions,Italy
01687,RL,Lipizzan horse breeding traditions,Romania
01687,RL,Lipizzan horse breeding traditions,Slovakia
01687,RL,Lipizzan horse breeding traditions,Slovenia
01878,RL,Orteke traditional performing art in Kazakhstan: dance puppet and music,Kazakhstan
01703,RL,Pehlevanliq culture: traditional zorkhana games sports and wrestling,Azerbaijan
01695,RL,Pyongyang Raengmyon custom,Democratic People’s Republic of Korea
01894,RL,Raï popular folk song of Algeria,Algeria
01890,RL,Sericulture and traditional production of silk for weaving,Afghanistan
01890,RL,Sericulture and traditional production of silk for weaving,Azerbaijan
01890,RL,Sericulture and traditional production of silk for weaving,Iran (Islamic Republic of)
01890,RL,Sericulture and traditional production of silk for weaving,Türkiye
01890,RL,Sericulture and traditional production of silk for weaving,Tajikistan
01890,RL,Sericulture and traditional production of silk for weaving,Turkmenistan
01890,RL,Sericulture and traditional production of silk for weaving,Uzbekistan
01882,RL,Social practices and knowledge related to the preparation and use of the traditional plum spirit – šljivovica,Serbia
01889,RL,Straw weaving in Belarus art craft and skills,Belarus
01742,RL,Talchum mask dance drama in the Republic of Korea,Republic of Korea
01705,RL,Telling tradition of Nasreddin Hodja/ Molla Nesreddin/ Molla Ependi/ Apendi/ Afendi Kozhanasyr Anecdotes,Azerbaijan
01705,RL,Telling tradition of Nasreddin Hodja/ Molla Nesreddin/ Molla Ependi/ Apendi/ Afendi Kozhanasyr Anecdotes,Kazakhstan
01705,RL,Telling tradition of Nasreddin Hodja/ Molla Nesreddin/ Molla Ependi/ Apendi/ Afendi Kozhanasyr Anecdotes,Kyrgyzstan
01705,RL,Telling tradition of Nasreddin Hodja/ Molla Nesreddin/ Molla Ependi/ Apendi/ Afendi Kozhanasyr Anecdotes,Tajikistan
01705,RL,Telling tradition of Nasreddin Hodja/ Molla Nesreddin/ Molla Ependi/ Apendi/ Afendi Kozhanasyr Anecdotes,Türkiye
01705,RL,Telling tradition of Nasreddin Hodja/ Molla Nesreddin/ Molla Ependi/ Apendi/ Afendi Kozhanasyr Anecdotes,Turkmenistan
01705,RL,Telling tradition of Nasreddin Hodja/ Molla Nesreddin/ Molla Ependi/ Apendi/ Afendi Kozhanasyr Anecdotes,Uzbekistan
01861,RL,The art of the traditional blouse with embroidery on the shoulder (altiţă) — an element of cultural identity in Romania and the Republic of Moldova,Romania
01861,RL,The art of the traditional blouse with embroidery on the shoulder (altiţă) — an element of cultural identity in Romania and the Republic of Moldova,Republic of Moldova
01858,RL,The practice of Modern Dance in Germany,Germany
01866,RL,Timber rafting,Austria
01866,RL,Timber rafting,Czechia
01866,RL,Timber rafting,Germany
01866,RL,Timber rafting,Latvia
01866,RL,Timber rafting,Poland
01866,RL,Timber rafting,Spain
01884,RL,Traditional tea processing techniques and associated social practices in China,China
01876,RL,Turkmen-style needlework art,Turkmenistan
01876,RL,Turkmen-style needlework art,Iran (Islamic Republic of)
01877,RL,Yaldā/Chella,Iran (Islamic Republic of)
01877,RL,Yaldā/Chella,Afghanistan
01905,BSP,Al Sadu Educational Programme: Train the trainers in the art of weaving,Kuwait
01848,BSP,Portuguese-Galician border ICH: a safeguarding model created by Ponte...nas ondas!,Portugal
01848,BSP,Portuguese-Galician border ICH: a safeguarding model created by Ponte...nas ondas!,Spain
01468,BSP,Strategy for safeguarding traditional crafts: The Bearers of Folk Craft Tradition programme,Czechia
01709,BSP,Tocatì a shared programme for the safeguarding of traditional games and sports,Italy
01709,BSP,Tocatì a shared programme for the safeguarding of traditional games and sports,Belgium
01709,BSP,Tocatì a shared programme for the safeguarding of traditional games and sports,Croatia
01709,BSP,Tocatì a shared programme for the safeguarding of traditional games and sports,Cyprus
01709,BSP,Tocatì a shared programme for the safeguarding of traditional games and sports,France
01680,USL,Building and use of expanded dugout boats in the Soomaa region,Estonia
01735,USL,Carolinian wayfinding and canoe making,Micronesia (Federated States of)
01689,USL,Cultural practices and expressions linked to the 'M’Bolon' a traditional musical percussion instrument,Mali
01688,USL,Tais traditional textile,Timor-Leste
01578,RL,Al-Qudoud al-Halabiya,Syrian Arab Republic
01718,RL,Arabic calligraphy: knowledge skills and practices,Saudi Arabia
01718,RL,Arabic calligraphy: knowledge skills and practices,Algeria
01718,RL,Arabic calligraphy: knowledge skills and practices,Bahrain
01718,RL,Arabic calligraphy: knowledge skills and practices,Egypt
01718,RL,Arabic calligraphy: knowledge skills and practices,Iraq
01718,RL,Arabic calligraphy: knowledge skills and practices,Jordan
01718,RL,Arabic calligraphy: knowledge skills and practices,Kuwait
01718,RL,Arabic calligraphy: knowledge skills and practices,Lebanon
01718,RL,Arabic calligraphy: knowledge skills and practices,Mauritania
01718,RL,Arabic calligraphy: knowledge skills and practices,Morocco
01718,RL,Arabic calligraphy: knowledge skills and practices,Oman
01718,RL,Arabic calligraphy: knowledge skills and practices,State of Palestine
01718,RL,Arabic calligraphy: knowledge skills and practices,Sudan
01718,RL,Arabic calligraphy: knowledge skills and practices,Tunisia
01718,RL,Arabic calligraphy: knowledge skills and practices,United Arab Emirates
01718,RL,Arabic calligraphy: knowledge skills and practices,Yemen
01575,RL,Art of Xòe dance of the Tai people in Viet Nam,Viet Nam
01706,RL,Bakhshi art,Uzbekistan
01748,RL,Ceebu Jën a culinary art of Senegal,Senegal
01604,RL,Community festivities in Campo Maior,Portugal
01711,RL,Congolese rumba,Democratic Republic of the Congo
01711,RL,Congolese rumba,Congo
01707,RL,Corso culture flower and fruit parades in the Netherlands,Netherlands (Kingdom of the)
01727,RL,Cultural Heritage of Boka Navy Kotor: a festive representation of a memory and cultural identity,Montenegro
01612,RL,Dances and expressions associated with the Corpus Christi Festivity,Panama
00703,RL,Durga Puja in Kolkata,India
01565,RL,Dutar making craftsmanship and traditional music performing art combined with singing,Turkmenistan
01725,RL,Falak,Tajikistan
01708,RL,Falconry a living human heritage,United Arab Emirates
01708,RL,Falconry a living human heritage,Austria
01708,RL,Falconry a living human heritage,Belgium
01708,RL,Falconry a living human heritage,Croatia
01708,RL,Falconry a living human heritage,Czechia
01708,RL,Falconry a living human heritage,France
01708,RL,Falconry a living human heritage,Germany
01708,RL,Falconry a living human heritage,Hungary
01708,RL,Falconry a living human heritage,Ireland
01708,RL,Falconry a living human heritage,Italy
01708,RL,Falconry a living human heritage,Kazakhstan
01708,RL,Falconry a living human heritage,Republic of Korea
01708,RL,Falconry a living human heritage,Kyrgyzstan
01708,RL,Falconry a living human heritage,Mongolia
01708,RL,Falconry a living human heritage,Morocco
01708,RL,Falconry a living human heritage,Netherlands (Kingdom of the)
01708,RL,Falconry a living human heritage,Pakistan
01708,RL,Falconry a living human heritage,Poland
01708,RL,Falconry a living human heritage,Portugal
01708,RL,Falconry a living human heritage,Qatar
01708,RL,Falconry a living human heritage,Saudi Arabia
01708,RL,Falconry a living human heritage,Slovakia
01708,RL,Falconry a living human heritage,Spain
01708,RL,Falconry a living human heritage,Syrian Arab Republic
01682,RL,Festive cycle around the devotion and worship towards Saint John the Baptist,Venezuela (Bolivarian Republic of)
01747,RL,Fjiri,Bahrain
01743,RL,Flower carpets tradition for Corpus Christi processions,Poland
01607,RL,Gamelan,Indonesia
01477,RL,Grand Festival of Tarija,Bolivia (Plurinational State of)
01684,RL,Hüsn-i Hat traditional calligraphy in Islamic art in Turkey,Türkiye
01696,RL,Inuit drum dancing and singing,Denmark
01853,RL,Joumou soup,Haiti
01683,RL,Kaustinen fiddle playing and related practices and expressions,Finland
01681,RL,L-Għana a Maltese folksong tradition,Malta
01741,RL,Malagasy Kabary the Malagasy oratorical art,Madagascar
01690,RL,Moutya,Seychelles
01590,RL,Namur stilt jousting,Belgium
01587,RL,Nora dance drama in southern Thailand,Thailand
01686,RL,Nordic clinker boat traditions,Denmark
01686,RL,Nordic clinker boat traditions,Finland
01686,RL,Nordic clinker boat traditions,Iceland
01686,RL,Nordic clinker boat traditions,Norway
01686,RL,Nordic clinker boat traditions,Sweden
01601,RL,Ornek a Crimean Tatar ornament and knowledge about it,Ukraine
01702,RL,Pasillo song and poetry,Ecuador
01557,RL,Pottery-related values knowledge lore and practices of the Awajún people,Peru
01505,RL,Songket,Malaysia
01483,RL,Tbourida,Morocco
01722,RL,The art of embroidery in Palestine practices skills knowledge and rituals,State of Palestine
01694,RL,Traditional craft skills and arts of Al-Naoor,Iraq
01693,RL,Traditional craftsmanship of making Dumbara Ratā Kalāla,Sri Lanka
01395,RL,Truffle hunting and extraction in Italy traditional knowledge and practice,Italy
00967,RL,Visoko multipart singing from Dolen and Satovcha South-western Bulgaria,Bulgaria
01716,BSP,National programme to safeguard the traditional art of calligraphy in Iran,Iran (Islamic Republic of)
01738,BSP,Nomad games rediscovering heritage celebrating diversity,Kyrgyzstan
01409,BSP,Success story of promoting traditional foods and safeguarding traditional foodways in Kenya,Kenya
01739,BSP,The School of Living Traditions (SLT),Philippines
01540,USL,Aboxan Musik ǀŌb ǂÂns tsî ǁKhasigu ancestral musical sound knowledge and skills,Namibia
01605,USL,Handmade weaving in Upper Egypt (Sa'eed),Egypt
01599,USL,Traditional knowledge and techniques associated with Pasto Varnish mopa-mopa of Putumayo and Nariño,Colombia
01577,RL,Al Aflaj traditional irrigation network system in the UAE oral traditions knowledge and skills of construction maintenance and equitable water distribution,United Arab Emirates
01541,RL,Art of crafting and playing Mbira/Sansi the finger-plucking traditional musical instrument in Malawi and Zimbabwe,Malawi
01541,RL,Art of crafting and playing Mbira/Sansi the finger-plucking traditional musical instrument in Malawi and Zimbabwe,Zimbabwe
01598,RL,Art of miniature,Azerbaijan
01598,RL,Art of miniature,Iran (Islamic Republic of)
01598,RL,Art of miniature,Türkiye
01598,RL,Art of miniature,Uzbekistan
01567,RL,Budima dance,Zambia
01576,RL,Camel racing a social practice and a festive heritage associated with camels,United Arab Emirates
01576,RL,Camel racing a social practice and a festive heritage associated with camels,Oman
01600,RL,Chamamé,Argentina
01566,RL,Charfia fishing in the Kerkennah Islands,Tunisia
01560,RL,Craftsmanship of mechanical watchmaking and art mechanics,Switzerland
01560,RL,Craftsmanship of mechanical watchmaking and art mechanics,France
01512,RL,Grass mowing competition custom in Kupres,Bosnia and Herzegovina
01559,RL,Handmade production of Christmas tree decorations from blown glass beads,Czechia
01568,RL,Hawker culture in Singapore community dining and culinary practices in a multicultural urban context,Singapore
01580,RL,Il-Ftira culinary art and culture of flattened sourdough bread in Malta,Malta
01602,RL,Knowledge know-how and practices pertaining to the production and consumption of couscous,Algeria
01602,RL,Knowledge know-how and practices pertaining to the production and consumption of couscous,Mauritania
01602,RL,Knowledge know-how and practices pertaining to the production and consumption of couscous,Morocco
01602,RL,Knowledge know-how and practices pertaining to the production and consumption of couscous,Tunisia
01581,RL,Musical art of horn players an instrumental technique linked to singing breath control vibrato resonance of place and conviviality,France
01581,RL,Musical art of horn players an instrumental technique linked to singing breath control vibrato resonance of place and conviviality,Belgium
01581,RL,Musical art of horn players an instrumental technique linked to singing breath control vibrato resonance of place and conviviality,Luxembourg
01581,RL,Musical art of horn players an instrumental technique linked to singing breath control vibrato resonance of place and conviviality,Italy
01511,RL,Nar Bayrami traditional pomegranate festivity and culture,Azerbaijan
01608,RL,Ong Chun/Wangchuan/Wangkang ceremony rituals and related practices for maintaining the sustainable connection between man and the ocean,China
01608,RL,Ong Chun/Wangchuan/Wangkang ceremony rituals and related practices for maintaining the sustainable connection between man and the ocean,Malaysia
01571,RL,Pilgrimage to the St. Thaddeus Apostle Monastery,Iran (Islamic Republic of)
01571,RL,Pilgrimage to the St. Thaddeus Apostle Monastery,Armenia
01603,RL,Practices and traditional knowledge of Terere in the culture of Pohã Ñana Guaraní ancestral drink in Paraguay,Paraguay
01596,RL,Sauna culture in Finland,Finland
00424,RL,Taijiquan,China
01591,RL,The art of glass beads,Italy
01591,RL,The art of glass beads,France
01597,RL,Traditional intelligence and strategy game: Togyzqumalaq Toguz Korgool Mangala/Göçürme,Kazakhstan
01597,RL,Traditional intelligence and strategy game: Togyzqumalaq Toguz Korgool Mangala/Göçürme,Kyrgyzstan
01597,RL,Traditional intelligence and strategy game: Togyzqumalaq Toguz Korgool Mangala/Göçürme,Türkiye
01573,RL,Tree beekeeping culture,Poland
01573,RL,Tree beekeeping culture,Belarus
00860,RL,Wine Horses,Spain
00882,RL,Yeondeunghoe lantern lighting festival in the Republic of Korea,Republic of Korea
01466,RL,Zlakusa pottery making hand-wheel pottery making in the village of Zlakusa,Serbia
01558,BSP,Craft techniques and customary practices of cathedral workshops or Bauhütten in Europe know-how transmission development of knowledge and innovation,Germany
01558,BSP,Craft techniques and customary practices of cathedral workshops or Bauhütten in Europe know-how transmission development of knowledge and innovation,Austria
01558,BSP,Craft techniques and customary practices of cathedral workshops or Bauhütten in Europe know-how transmission development of knowledge and innovation,France
01558,BSP,Craft techniques and customary practices of cathedral workshops or Bauhütten in Europe know-how transmission development of knowledge and innovation,Norway
01558,BSP,Craft techniques and customary practices of cathedral workshops or Bauhütten in Europe know-how transmission development of knowledge and innovation,Switzerland
01611,BSP,Polyphonic Caravan researching safeguarding and promoting the Epirus polyphonic song,Greece
01582,BSP,The Martinique yole from construction to sailing practices a model for heritage safeguarding,France
01495,USL,Buklog thanksgiving ritual system of the Subanen,Philippines
01489,USL,Rituals and practices associated with Kit Mikayi shrine,Kenya
01490,USL,Sega tambour Chagos,Mauritius
01502,USL,Seperu folkdance and associated practices,Botswana
01458,USL,Spring rite of Juraŭski Karahod,Belarus
01499,RL,'Ie Samoa fine mat and its cultural value,Samoa
01496,RL,Ak-kalpak craftsmanship traditional knowledge and skills in making and wearing Kyrgyz men’s headwear,Kyrgyzstan
01471,RL,Alpinism,France
01471,RL,Alpinism,Italy
01471,RL,Alpinism,Switzerland
01513,RL,Armenian letter art and its cultural expressions,Armenia
01462,RL,Artisanal talavera of Puebla and Tlaxcala (Mexico) and ceramics of Talavera de la Reina and El Puente del Arzobispo (Spain) making process,Mexico
01462,RL,Artisanal talavera of Puebla and Tlaxcala (Mexico) and ceramics of Talavera de la Reina and El Puente del Arzobispo (Spain) making process,Spain
01508,RL,Byzantine chant,Cyprus
01508,RL,Byzantine chant,Greece
01276,RL,Celestinian forgiveness celebration,Italy
01510,RL,Cultural Complex of Bumba-meu-boi from Maranhão,Brazil
01478,RL,Drotárstvo wire craft and art,Slovakia
01491,RL,Ethiopian epiphany,Ethiopia
01170,RL,Gnawa,Morocco
01460,RL,Holy Week processions in Mendrisio,Switzerland
01461,RL,Irish harping,Ireland
01364,RL,Khorazm dance Lazgi,Uzbekistan
00683,RL,Kwagh-Hir theatrical performance,Nigeria
01469,RL,Morna musical practice of Cabo Verde,Cabo Verde
01514,RL,Music and dance of Dominican Bachata,Dominican Republic
01384,RL,Nuad Thai traditional Thai massage,Thailand
01366,RL,Ommegang of Brussels an annual historical procession and popular festival,Belgium
01432,RL,Practice of traditional music and dance in Setesdal playing dancing and singing (stev/stevjing),Norway
01369,RL,Practices and craftsmanship associated with the Damascene rose in Al-Mrah,Syrian Arab Republic
01379,RL,Practices of Then by Tày Nùng and Thái ethnic groups in Viet Nam,Viet Nam
01474,RL,Provision of services and hospitality during the Arba'in visitation,Iraq
01504,RL,Silat,Malaysia
01389,RL,The festival of the Santísima Trinidad del Señor Jesús del Gran Poder in the city of La Paz,Bolivia (Plurinational State of)
01456,RL,Tradition of Kosiv painted ceramics,Ukraine
01492,RL,Traditional skills of crafting and playing Dotār,Iran (Islamic Republic of)
01172,RL,Traditional technique of making Airag in Khokhuur and its associated customs,Mongolia
01367,RL,Traditional Turkish archery,Türkiye
01486,RL,Traditional turkmen carpet making art in Turkmenistan,Turkmenistan
01391,RL,Traditions of Pencak Silat,Indonesia
01463,RL,Winter festivities Carnival of Podence,Portugal
01309,RL,‘Hatajo de Negritos’ and ‘Hatajo de Pallitas’ from the Peruvian south-central coastline,Peru
01464,BSP,Biocultural programme for the safeguarding of the tradition of the Blessed Palm in Venezuela,Venezuela (Bolivarian Republic of)
01480,BSP,Safeguarding strategy of traditional crafts for peace building,Colombia
01390,USL,Enkipaata Eunoto and Olng'esherr three male rites of passage of the Maasai community,Kenya
01274,USL,Knowledge and skills of the water measurers of the foggaras or water bailiffs of Touat and Tidikelt,Algeria
01374,USL,Lkhon Khol Wat Svay Andet,Cambodia
01368,USL,Shadow play,Syrian Arab Republic
01381,USL,Suri Jagek (observing the sun) traditional meteorological and astronomical practice based on the observation of the sun moon and stars in reference to the local topography,Pakistan
01376,USL,Traditional hand puppetry,Egypt
01190,USL,Yalli (Kochari Tenzere) traditional group dances of Nakhchivan,Azerbaijan
01301,RL,As-Samer in Jordan,Jordan
01380,RL,Avalanche risk management,Switzerland
01380,RL,Avalanche risk management,Austria
01365,RL,Blaudruck/Modrotisk/Kékfestés/Modrotlač resist block printing and indigo dyeing in Europe,Austria
01365,RL,Blaudruck/Modrotisk/Kékfestés/Modrotlač resist block printing and indigo dyeing in Europe,Czechia
01365,RL,Blaudruck/Modrotisk/Kékfestés/Modrotlač resist block printing and indigo dyeing in Europe,Germany
01365,RL,Blaudruck/Modrotisk/Kékfestés/Modrotlač resist block printing and indigo dyeing in Europe,Hungary
01365,RL,Blaudruck/Modrotisk/Kékfestés/Modrotlač resist block printing and indigo dyeing in Europe,Slovakia
01378,RL,Bobbin lacemaking in Slovenia,Slovenia
01387,RL,Celebration in honor of the Budslaŭ icon of Our Lady (Budslaŭ fest),Belarus
01397,RL,Chakan embroidery art in the Republic of Tajikistan,Tajikistan
01371,RL,Chidaoba wrestling in Georgia,Georgia
01410,RL,Dondang Sayang,Malaysia
01405,RL,Festivity of Las Parrandas in the centre of Cuba,Cuba
01399,RL,Heritage of Dede Qorqud/Korkyt Ata/Dede Korkut epic culture folk tales and music,Azerbaijan
01399,RL,Heritage of Dede Qorqud/Korkyt Ata/Dede Korkut epic culture folk tales and music,Kazakhstan
01399,RL,Heritage of Dede Qorqud/Korkyt Ata/Dede Korkut epic culture folk tales and music,Türkiye
01359,RL,Horse and camel Ardhah,Oman
01263,RL,Hurling,Ireland
01385,RL,Khon masked dance drama in Thailand,Thailand
01400,RL,La Romería (the pilgrimage): ritual cycle of 'La llevada' (the carrying) of the Virgin of Zapopan,Mexico
01386,RL,Lum medicinal bathing of Sowa Rigpa knowledge and practices concerning life health and illness prevention and treatment among the Tibetan people in China,China
01396,RL,Međimurska popevka a folksong from Međimurje,Croatia
01372,RL,Mooba dance of the Lenje ethnic group of Central Province of Zambia,Zambia
01293,RL,Mwinoghe joyous dance,Malawi
01362,RL,Nativity scene (szopka) tradition in Krakow,Poland
01289,RL,Picking of iva grass on Ozren mountain,Bosnia and Herzegovina
01406,RL,Pottery skills of the women of Sejnane,Tunisia
01271,RL,Raiho-shin ritual visits of deities in masks and costumes,Japan
01398,RL,Reggae music of Jamaica,Jamaica
01383,RL,Ritual and festive expressions of the Congo culture,Panama
01370,RL,Rūkada Nātya traditional string puppet drama in Sri Lanka,Sri Lanka
01377,RL,Singing to the accompaniment of the Gusle,Serbia
01208,RL,Tamboradas drum-playing rituals,Spain
01207,RL,The skills related to perfume in Pays de Grasse: the cultivation of perfume plants the knowledge and processing of natural raw materials and the art of perfume composition,France
01533,RL,Traditional Korean wrestling (Ssirum/Ssireum),Democratic People’s Republic of Korea
01533,RL,Traditional Korean wrestling (Ssirum/Ssireum),Republic of Korea
01402,RL,Traditional spring festive rites of the Kazakh horse breeders,Kazakhstan
01392,BSP,Land-of-Legends programme for promoting and revitalizing the art of storytelling in Kronoberg Region,Sweden
01268,USL,Al Azi art of performing praise pride and fortitude poetry,United Arab Emirates
01285,USL,Colombian-Venezuelan llano work songs,Colombia
01285,USL,Colombian-Venezuelan llano work songs,Venezuela (Bolivarian Republic of)
01290,USL,Dikopelo folk music of Bakgatla ba Kgafela in Kgatleng District,Botswana
00871,USL,Mongolian traditional practices of worshipping the sacred sites,Mongolia
01256,USL,Taskiwin martial dance of the western High Atlas,Morocco
00658,USL,Whistled language,Türkiye
01261,RL,Al-Qatt Al-Asiri female traditional interior wall decoration in Asir Saudi Arabia,Saudi Arabia
01286,RL,Art of crafting and playing with Kamantcheh/Kamancha a bowed string musical instrument,Azerbaijan
01286,RL,Art of crafting and playing with Kamantcheh/Kamancha a bowed string musical instrument,Iran (Islamic Republic of)
00722,RL,Art of Neapolitan ‘Pizzaiuolo’,Italy
01272,RL,Artisanal processes and plant fibers techniques for talcos crinejas and pintas weaving of the pinta’o hat,Panama
01262,RL,Basel Carnival,Switzerland
01282,RL,Chogān a horse-riding game accompanied by music and storytelling,Iran (Islamic Republic of)
01265,RL,Craft of the miller operating windmills and watermills,Netherlands (Kingdom of the)
01279,RL,Craftmanship of Estremoz clay figures,Portugal
01287,RL,Cultural practices associated to the 1st of March,Bulgaria
01287,RL,Cultural practices associated to the 1st of March,North Macedonia
01287,RL,Cultural practices associated to the 1st of March,Republic of Moldova
01287,RL,Cultural practices associated to the 1st of March,Romania
01188,RL,Dolma making and sharing tradition a marker of cultural identity,Azerbaijan
01278,RL,Door-to-door rounds of Kurenti,Slovenia
01086,RL,Kazakh traditional Assyk games,Kazakhstan
01296,RL,Khaen music of the Lao people,Lao People's Democratic Republic
01295,RL,Kochari traditional group dance,Armenia
01294,RL,Kok boru traditional horse game,Kyrgyzstan
01270,RL,Kolo traditional folk dance,Serbia
01288,RL,Konjic woodcarving,Bosnia and Herzegovina
01258,RL,Kumbh Mela,India
01259,RL,Kushtdepdi rite of singing and dancing,Turkmenistan
01266,RL,Multipart singing of Horehronie,Slovakia
01292,RL,Nsima culinary tradition of Malawi,Malawi
01277,RL,Organ craftsmanship and music,Germany
01197,RL,Pinisi art of boatbuilding in South Sulawesi,Indonesia
01297,RL,Punto,Cuba
01291,RL,Rebetiko,Greece
01182,RL,Ritual journeys in La Paz during Alasita,Bolivia (Plurinational State of)
01257,RL,Sega tambour of Rodrigues Island,Mauritius
01284,RL,Spring celebration Hıdrellez,North Macedonia
01284,RL,Spring celebration Hıdrellez,Türkiye
01222,RL,The art of Bài Chòi in Central Viet Nam,Viet Nam
01112,RL,Traditional art of Shital Pati weaving of Sylhet,Bangladesh
01155,RL,Traditional system of Corongo’s water judges,Peru
01264,RL,Uilleann piping,Ireland
01260,RL,Xoan singing of Phú Thọ province Viet Nam,Viet Nam
01255,RL,Zaouli popular music and dance of the Guro communities in Côte d’Ivoire,Côte d'Ivoire
00969,BSP,Bulgarian Chitalishte (Community Cultural Centre): practical experience in safeguarding the vitality of the Intangible Cultural Heritage,Bulgaria
01254,BSP,Margilan Crafts Development Centre safeguarding of the atlas and adras making traditional technologies,Uzbekistan
01199,USL,Bisalhães black pottery manufacturing process,Portugal
01165,USL,Chapei Dang Veng,Cambodia
01194,USL,Cossack’s songs of Dnipropetrovsk Region,Ukraine
01187,USL,Ma'di bowl lyre music and dance,Uganda
01011,RL,Almezmar drumming and dancing with sticks,Saudi Arabia
00901,RL,Argungu international fishing and cultural festival,Nigeria
01062,RL,Beer culture in Belgium,Belgium
01178,RL,Bhojpuri folk songs in Mauritius Geet-Gawai,Mauritius
01198,RL,Carnival of El Callao a festive representation of a memory and cultural identity,Venezuela (Bolivarian Republic of)
01077,RL,Carnival of Granville,France
01108,RL,Charrería equestrian tradition in Mexico,Mexico
01068,RL,Culture of Jeju Haenyeo (women divers),Republic of Korea
01181,RL,Flatbread making and sharing culture: Lavash Katyrma Jupka Yufka,Azerbaijan
01181,RL,Flatbread making and sharing culture: Lavash Katyrma Jupka Yufka,Iran (Islamic Republic of)
01181,RL,Flatbread making and sharing culture: Lavash Katyrma Jupka Yufka,Kazakhstan
01181,RL,Flatbread making and sharing culture: Lavash Katyrma Jupka Yufka,Kyrgyzstan
01181,RL,Flatbread making and sharing culture: Lavash Katyrma Jupka Yufka,Türkiye
01164,RL,Gada system an indigenous democratic socio-political system of the Oromo,Ethiopia
01200,RL,Idea and practice of organizing shared interests in cooperatives,Germany
01159,RL,Khidr Elias feast and its vows,Iraq
01085,RL,Kuresi in Kazakhstan,Kazakhstan
01205,RL,Living culture of three writing systems of the Georgian alphabet,Georgia
01091,RL,Mangal Shobhajatra on Pahela Baishakh,Bangladesh
01184,RL,Momoeria New Year's celebration in eight villages of Kozani area West Macedonia Greece,Greece
01162,RL,Music and dance of the merengue in the Dominican Republic,Dominican Republic
01191,RL,Oshi Palav a traditional meal and its social and cultural contexts in Tajikistan,Tajikistan
01166,RL,Palov culture and tradition,Uzbekistan
01064,RL,Practices related to the Viet beliefs in the Mother Goddesses of Three Realms,Viet Nam
01202,RL,Puppetry in Slovakia and Czechia,Slovakia
01202,RL,Puppetry in Slovakia and Czechia,Czechia
01185,RL,Rumba in Cuba a festive combination of music and dances and all the practices associated,Cuba
01203,RL,Škofja Loka passion play,Slovenia
01189,RL,Tahteeb stick game,Egypt
00647,RL,The Twenty-Four Solar Terms knowledge in China of time and practices developed through observation of the sun’s annual motion,China
01058,RL,Traditional craftsmanship of Çini-making,Türkiye
01167,RL,Traditional wall-carpet craftsmanship in Romania and the Republic of Moldova,Romania
01167,RL,Traditional wall-carpet craftsmanship in Romania and the Republic of Moldova,Republic of Moldova
00859,RL,Valencia Fallas festivity,Spain
01201,RL,Winegrowers’ Festival in Vevey,Switzerland
01163,RL,Yoga,India
01098,BSP,Community project of safeguarding the living culture of Rovinj/Rovigno: the Batana Ecomuseum,Croatia
00970,BSP,Festival of folklore in Koprivshtitsa: a system of practices for heritage presentation and transmission,Bulgaria
01156,BSP,Oselvar boat - reframing a traditional learning process of building and use to a modern context,Norway
01169,BSP,Regional Centres for Craftsmanship: a strategy for safeguarding the cultural heritage of traditional handicraft,Austria
01177,BSP,Safeguarding of the folk music heritage by the Kodály concept,Hungary
01061,USL,Coaxing ritual for camels,Mongolia
01104,USL,Glasoechko male two-part singing in Dolni Polog,North Macedonia
00911,USL,Koogere oral tradition of the Basongora Banyabindi and Batooro peoples,Uganda
01065,USL,Manufacture of cowbells,Portugal
01095,USL,Traditional Vallenato music of the Greater Magdalena region,Colombia
00997,RL,Aitysh/Aitys art of improvisation,Kazakhstan
00997,RL,Aitysh/Aitys art of improvisation,Kyrgyzstan
01078,RL,Al-Razfa a traditional performing art,United Arab Emirates
01078,RL,Al-Razfa a traditional performing art,Oman
01196,RL,Alardah Alnajdiyah dance drumming and poetry in Saudi Arabia,Saudi Arabia
01075,RL,Bagpipe culture,Slovakia
01106,RL,Classical horsemanship and the High School of the Spanish Riding School Vienna,Austria
00675,RL,Copper craftsmanship of Lahij,Azerbaijan
01028,RL,Epic art of Gorogly,Turkmenistan
01054,RL,Fichee-Chambalaalla New Year festival of the Sidama people,Ethiopia
01069,RL,Filete porteño in Buenos Aires a traditional painting technique,Argentina
01092,RL,Lad’s dances in Romania,Romania
01076,RL,Majlis a cultural and social space,United Arab Emirates
01076,RL,Majlis a cultural and social space,Saudi Arabia
01076,RL,Majlis a cultural and social space,Oman
01076,RL,Majlis a cultural and social space,Qatar
01099,RL,Marimba music traditional chants and dances from the Colombia South Pacific region and Esmeraldas Province of Ecuador,Colombia
01099,RL,Marimba music traditional chants and dances from the Colombia South Pacific region and Esmeraldas Province of Ecuador,Ecuador
01089,RL,Oshituthi shomagongo marula fruit festival,Namibia
00667,RL,Sbuâ annual pilgrimage to the zawiya of Sidi El Hadj Belkacem in Gourara,Algeria
01073,RL,Summer solstice fire festivals in the Pyrenees,Andorra
01073,RL,Summer solstice fire festivals in the Pyrenees,Spain
01073,RL,Summer solstice fire festivals in the Pyrenees,France
00968,RL,Surova folk feast in Pernik region,Bulgaria
00617,RL,Three genres of traditional dance in Bali,Indonesia
01103,RL,Tinian marble craftsmanship,Greece
01063,RL,Tradition of kimchi-making in the Democratic People's Republic of Korea,Democratic People’s Republic of Korea
01094,RL,Traditional knowledge and technologies relating to the growing and processing of the curagua,Venezuela (Bolivarian Republic of)
01080,RL,Tugging rituals and games,Cambodia
01080,RL,Tugging rituals and games,Philippines
01080,RL,Tugging rituals and games,Republic of Korea
01080,RL,Tugging rituals and games,Viet Nam
01056,RL,Wititi dance of the Colca Valley,Peru
00981,USL,Isukuti dance of Isukha and Idakho communities of Western Kenya,Kenya
00982,USL,Male-child cleansing ceremony of the Lango of central northern Uganda,Uganda
00983,USL,Mapoyo oral tradition and its symbolic reference points within their ancestral territory,Venezuela (Bolivarian Republic of)
01012,RL,Al-Ayyala a traditional performing art of the Sultanate of Oman and the United Arab Emirates,Oman
01012,RL,Al-Ayyala a traditional performing art of the Sultanate of Oman and the United Arab Emirates,United Arab Emirates
01000,RL,Al-Zajal recited or sung poetry,Lebanon
00955,RL,Argan practices and know-how concerning the argan tree,Morocco
00914,RL,Arirang folk song in the Democratic People’s Republic of Korea,Democratic People’s Republic of Korea
00971,RL,Askiya the art of wit,Uzbekistan
00988,RL,Baile Chino,Chile
01007,RL,Cante Alentejano polyphonic singing from Alentejo southern Portugal,Portugal
00892,RL,Capoeira circle,Brazil
01004,RL,Coming forth of the masks and puppets in Markala,Mali
00644,RL,Ebru Turkish art of marbling,Türkiye
00956,RL,Festivity of Virgen de la Candelaria of Puno,Peru
00991,RL,Gwoka: music song dance and cultural practice representative of Guadeloupean identity,France
00996,RL,Kazakh traditional art of Dombra Kuy,Kazakhstan
00993,RL,Know-how of cultivating mastic on the island of Chios,Greece
00995,RL,Kopachkata a social dance from the village of Dramche Pijanec,North Macedonia
00985,RL,Lavash the preparation meaning and appearance of traditional bread as an expression of culture in Armenia,Armenia
00959,RL,Mongolian knuckle-bone shooting,Mongolia
00717,RL,Nongak community band music dance and rituals in the Republic of Korea,Republic of Korea
01009,RL,Practices and expressions of joking relationships in Niger,Niger
00630,RL,Pujllay and Ayarichi music and dances of the Yampara culture,Bolivia (Plurinational State of)
00665,RL,Ritual and ceremonies of Sebeïba in the oasis of Djanet Algeria,Algeria
00989,RL,Ritual dance of the royal drum,Burundi
01010,RL,Slava celebration of family saint patron’s day,Serbia
00951,RL,Smoke sauna tradition in Võromaa,Estonia
00999,RL,Tchopa sacrificial dance of the Lhomwe people of southern Malawi,Malawi
00965,RL,The tradition of carpet-making in Chiprovtsi,Bulgaria
00720,RL,Traditional agricultural practice of cultivating the ‘vite ad alberello’ (head-trained bush vines) of the community of Pantelleria,Italy
00669,RL,Traditional art and symbolism of Kelaghayi making and wearing women’s silk headscarves,Azerbaijan
00845,RL,Traditional brass and copper craft of utensil making among the Thatheras of Jandiala Guru Punjab India,India
01003,RL,Traditional Mauritian Sega,Mauritius
01008,RL,Ví and Giặm folk songs of Nghệ Tĩnh,Viet Nam
00990,RL,Zmijanje embroidery,Bosnia and Herzegovina
01017,BSP,Safeguarding the carillon culture: preservation transmission exchange and awareness-raising,Belgium
00905,USL,Chovqan a traditional Karabakh horse-riding game in the Republic of Azerbaijan,Azerbaijan
00904,USL,Empaako tradition of the Batooro Banyoro Batuku Batagwenda and Banyabindi of western Uganda,Uganda
00873,USL,Mongolian calligraphy,Mongolia
00863,USL,Nan Pa’ch ceremony,Guatemala
00870,RL,Ancient Georgian traditional Qvevri wine-making method,Georgia
00660,RL,Annual pilgrimage to the mausoleum of Sidi ‘Abd el-Qader Ben Mohammed (Sidi Cheikh),Algeria
00733,RL,Art of Đờn ca tài tử music and song in southern Viet Nam,Viet Nam
00721,RL,Celebrations of big shoulder-borne processional structures,Italy
00853,RL,Chinese Zhusuan knowledge and practices of mathematical calculation through the abacus,China
00602,RL,Círio de Nazaré (The Taper of Our Lady of Nazareth) in the city of Belém Pará,Brazil
00858,RL,Commemoration feast of the finding of the True Holy Cross of Christ,Ethiopia
00734,RL,Feast of the Holy Forty Martyrs in Štip,North Macedonia
00881,RL,Kimjang making and sharing kimchi in the Republic of Korea,Republic of Korea
00594,RL,Knowledge skills and rituals related to the annual renewal of the Q’eswachaka bridge,Peru
00876,RL,Kyrgyz epic trilogy: Manas Semetey Seytek,Kyrgyzstan
00907,RL,La Parranda de San Pedro de Guarenas y Guatire,Venezuela (Bolivarian Republic of)
00885,RL,Limousin septennial ostensions,France
00884,RL,Mediterranean diet,Cyprus
00884,RL,Mediterranean diet,Croatia
00884,RL,Mediterranean diet,Spain
00884,RL,Mediterranean diet,Greece
00884,RL,Mediterranean diet,Italy
00884,RL,Mediterranean diet,Morocco
00884,RL,Mediterranean diet,Portugal
00865,RL,Men’s group Colindat Christmas-time ritual,Republic of Moldova
00865,RL,Men’s group Colindat Christmas-time ritual,Romania
00877,RL,Music of Terchová,Slovakia
00893,RL,Petrykivka decorative painting as a phenomenon of the Ukrainian ornamental folk art,Ukraine
00891,RL,Practices and knowledge linked to the Imzad of the Tuareg communities of Algeria Mali and Niger,Algeria
00891,RL,Practices and knowledge linked to the Imzad of the Tuareg communities of Algeria Mali and Niger,Mali
00891,RL,Practices and knowledge linked to the Imzad of the Tuareg communities of Algeria Mali and Niger,Niger
00843,RL,Sankirtana ritual singing drumming and dancing of Manipur,India
00673,RL,Shrimp fishing on horseback in Oostduinkerke,Belgium
00879,RL,Traditional art of Jamdani weaving,Bangladesh
00872,RL,Traditional craftsmanship of the Mongol Ger and its associated customs,Mongolia
00645,RL,Turkish coffee culture and tradition,Türkiye
00869,RL,Washoku traditional dietary cultures of the Japanese notably for the celebration of New Year,Japan
00878,RL,Xooy a divination ceremony among the Serer of Senegal,Senegal
00648,BSP,Methodology for inventorying intangible cultural heritage in biosphere reserves: the experience of Montseny,Spain
00693,USL,Ala-kiyiz and Shyrdak art of Kyrgyz traditional felt carpets,Kyrgyzstan
00749,USL,Bigwala gourd trumpet music and dance of the Busoga Kingdom in Uganda,Uganda
00753,USL,Earthenware pottery-making skills in Botswana’s Kgatleng District,Botswana
00619,USL,Noken multifunctional knotted or woven bag handcraft of the people of Papua,Indonesia
00850,RL,Al ‘azi elegy processional march and poetry,Oman
00744,RL,Al-Taghrooda traditional Bedouin chanted poetry in the United Arab Emirates and the Sultanate of Oman,United Arab Emirates
00744,RL,Al-Taghrooda traditional Bedouin chanted poetry in the United Arab Emirates and the Sultanate of Oman,Oman
00445,RL,Arirang lyrical folk song in the Republic of Korea,Republic of Korea
00839,RL,Buddhist chanting of Ladakh: recitation of sacred Buddhist texts in the trans-Himalayan Ladakh region Jammu and Kashmir India,India
00641,RL,Cherry festival in Sefrou,Morocco
00671,RL,Craftsmanship and performance art of the Tar a long-necked string musical instrument,Azerbaijan
00610,RL,Craftsmanship of Horezu ceramics,Romania
00707,RL,Fest-Noz festive gathering based on the collective practice of traditional dances of Brittany,France
00640,RL,Festival of Saint Francis of Assisi Quibdó,Colombia
00846,RL,Fiesta of the patios in Cordova,Spain
00633,RL,Folk art of the Matyó embroidery of a traditional community,Hungary
00603,RL,Frevo performing arts of the Carnival of Recife,Brazil
00627,RL,Ichapekene Piesta the biggest festival of San Ignacio de Moxos,Bolivia (Plurinational State of)
00746,RL,Klapa multipart singing of Dalmatia southern Croatia,Croatia
00670,RL,Marches of Entre-Sambre-et-Meuse,Belgium
00642,RL,Mesir Macunu festival,Türkiye
00413,RL,Nachi no Dengaku a religious performing art held at the Nachi fire festival,Japan
00743,RL,Performance of the Armenian epic of 'Daredevils of Sassoun' or 'David of Sassoun',Armenia
00580,RL,Qālišuyān rituals of Mašhad-e Ardehāl in Kāšān,Iran (Islamic Republic of)
00668,RL,Rites and craftsmanship associated with the wedding costume tradition of Tlemcen,Algeria
00726,RL,Schemenlaufen the carnival of Imst Austria,Austria
00719,RL,Traditional violin craftsmanship in Cremona,Italy
00729,RL,Traditional weaving of the Ecuadorian toquilla straw hat,Ecuador
00639,RL,Venezuela's Dancing Devils of Corpus Christi,Venezuela (Bolivarian Republic of)
00735,RL,Worship of Hùng kings in Phú Thọ,Viet Nam
00624,BSP,Strategy for training coming generations of Fujian puppetry practitioners,China
00666,BSP,Xtaxkgakget Makgkaxtlawana: the Centre for Indigenous Arts and its contribution to safeguarding the intangible cultural heritage of the Totonac people of Veracruz Mexico,Mexico
00531,USL,Esuwa Harakbut sung prayers of Peru’s Wachiperi people,Peru
00543,USL,Folk long song performance technique of Limbe performances - circular breathing,Mongolia
00524,USL,Moorish epic T’heydinn,Mauritania
00535,USL,Naqqāli Iranian dramatic story-telling,Iran (Islamic Republic of)
00509,USL,Saman dance,Indonesia
00520,USL,Secret society of the Kôrêdugaw the rite of wisdom in Mali,Mali
00534,USL,Traditional skills of building and sailing Iranian Lenj boats in the Persian Gulf,Iran (Islamic Republic of)
00521,USL,Yaokwa the Enawene Nawe people's ritual for the maintenance of social and cosmic order,Brazil
00358,RL,Bećarac singing and playing from Eastern Croatia,Croatia
00388,RL,Ceremonial Keşkek tradition,Türkiye
00421,RL,Chinese shadow puppetry,China
00440,RL,Equitation in the French tradition,France
00563,RL,Fado urban popular song of Portugal,Portugal
00576,RL,Festivity of ‘la Mare de Déu de la Salut’ of Algemesí,Spain
00448,RL,Jultagi tightrope walking,Republic of Korea
00404,RL,Leuven age set ritual repertoire,Belgium
00575,RL,Mariachi string music song and trumpet,Mexico
00411,RL,Mibu no Hana Taue ritual of transplanting rice in Mibu Hiroshima,Japan
00359,RL,Nijemo Kolo silent circle dance of the Dalmatian hinterland,Croatia
00567,RL,Pilgrimage to the sanctuary of the Lord of Qoyllurit’i,Peru
00564,RL,Ride of the Kings in the south-east of the Czech Republic,Czechia
00412,RL,Sada Shin Noh sacred dancing at Sada shrine Shimane,Japan
00452,RL,Taekkyeon a traditional Korean martial art,Republic of Korea
00574,RL,Traditional knowledge of the jaguar shamans of Yuruparí,Colombia
00536,RL,Tsiattista poetic duelling,Cyprus
00453,RL,Weaving of Mosi (fine ramie) in the Hansan region,Republic of Korea
00504,BSP,Call for projects of the National Programme of Intangible Heritage,Brazil
00502,BSP,Fandango's Living Museum,Brazil
00513,BSP,Programme of cultivating ludodiversity: safeguarding traditional games in Flanders,Belgium
00511,BSP,Revitalization of the traditional craftsmanship of lime-making in Morón de la Frontera Seville Andalusia,Spain
00515,BSP,Táncház method: a Hungarian model for the transmission of intangible cultural heritage,Hungary
00304,USL,Meshrep,China
00320,USL,Ojkanje singing,Croatia
00321,USL,Watertight-bulkhead technology of Chinese junks,China
00322,USL,Wooden movable-type printing of China,China
00425,RL,Acupuncture and moxibustion of traditional Chinese medicine,China
00372,RL,Al-Bar’ah music and dance of Oman Dhofari valleys,Oman
00434,RL,Armenian cross-stones art. Symbolism and craftsmanship of Khachkars,Armenia
00360,RL,Chant of the Sybil on Majorca,Spain
00337,RL,Chhau dance,India
00441,RL,Compagnonnage network for on-the-job transmission of knowledge and identities,France
00438,RL,Craftsmanship of Alençon needle lace-making,France
00461,RL,Daemokjang traditional wooden architecture,Republic of Korea
00363,RL,Flamenco,Spain
00444,RL,Gagok lyric song cycles accompanied by an orchestra,Republic of Korea
00437,RL,Gastronomic meal of the French,France
00356,RL,Gingerbread craft from Northern Croatia,Croatia
00443,RL,Gióng festival of Phù Ðông and Sóc temples,Viet Nam
00392,RL,Hopping procession of Echternach,Luxembourg
00403,RL,Houtem Jaarmarkt annual winter fair and livestock market at Sint-Lievens-Houtem,Belgium
00390,RL,Huaconada ritual dance of Mito,Peru
00364,RL,Human towers,Spain
00393,RL,Indonesian Angklung,Indonesia
00340,RL,Kalbelia folk songs and dances of Rajasthan,India
00386,RL,Kırkpınar oil wrestling festival,Türkiye
00401,RL,Krakelingen and Tonnekensbrand end-of-winter bread and fire feast at Geraardsbergen,Belgium
00405,RL,Kumiodori traditional Okinawan musical theatre,Japan
00396,RL,Mongolian traditional art of Khöömei,Mongolia
00345,RL,Mudiyettu ritual theatre and dance drama of Kerala,India
00381,RL,Music of the Bakhshis of Khorasan,Iran (Islamic Republic of)
00395,RL,Naadam Mongolian traditional festival,Mongolia
00378,RL,Pahlevani and Zoorkhanei rituals,Iran (Islamic Republic of)
00399,RL,Parachicos in the traditional January feast of Chiapa de Corzo,Mexico
00418,RL,Peking opera,China
00398,RL,Pirekua traditional song of the P’urhépecha,Mexico
00377,RL,Ritual dramatic art of Ta‘zīye,Iran (Islamic Republic of)
00391,RL,Scissors dance,Peru
00384,RL,Semah Alevi-Bektaşi ritual,Türkiye
00397,RL,Shrovetide door-to-door processions and masks in the villages of the Hlinecko area,Czechia
00357,RL,Sinjska Alka a knights’ tournament in Sinj,Croatia
00433,RL,Sutartinės Lithuanian multipart songs,Lithuania
00389,RL,Traditional art of Azerbaijani carpet weaving in the Republic of Azerbaijan,Azerbaijan
00400,RL,Traditional Mexican cuisine - ancestral ongoing community culture the Michoacán paradigm,Mexico
00382,RL,Traditional skills of carpet weaving in Fars,Iran (Islamic Republic of)
00383,RL,Traditional skills of carpet weaving in Kashan,Iran (Islamic Republic of)
00385,RL,Traditional Sohbet meetings,Türkiye
00435,RL,Wayuu normative system applied by the Pütchipü’üi (palabrero),Colombia
00406,RL,Yuki-tsumugi silk fabric production technique,Japan
00309,USL,Ca trù singing,Viet Nam
00315,USL,Cantu in paghjella a secular and liturgical oral tradition of Corsica,France
00311,USL,Mongol Biyelgee Mongolian traditional folk dance,Mongolia
00310,USL,Mongol Tuuli Mongolian epic,Mongolia
00308,USL,Rite of the Kalyady Tsars (Christmas Tsars),Belarus
00289,USL,Sanké mon collective fishing rite of the Sanké,Mali
00314,USL,Suiti cultural space,Latvia
00312,USL,Traditional music of the Tsuur,Mongolia
00313,USL,Traditions and practices associated with the Kayas in the sacred forests of the Mijikenda,Kenya
00273,RL,Akiu no Taue Odori,Japan
00243,RL,Annual carnival bell ringers’ pageant from the Kastav area,Croatia
00253,RL,Art of Azerbaijani Ashiq,Azerbaijan
00217,RL,Art of Chinese seal engraving,China
00179,RL,Âşıklık (minstrelsy) tradition,Türkiye
00250,RL,Aubusson tapestry,France
00252,RL,Busó festivities at Mohács: masked end-of-winter carnival custom,Hungary
00182,RL,Candombe and its socio-cultural space: a community practice,Uruguay
00287,RL,Carnaval de Negros y Blancos,Colombia
00189,RL,Cheoyongmu,Republic of Korea
00229,RL,China engraved block printing technique,China
00216,RL,Chinese calligraphy,China
00219,RL,Chinese paper-cut,China
00223,RL,Chinese traditional architectural craftsmanship for timber-framed structures,China
00200,RL,Craftsmanship of Nanjing Yunjin brocade,China
00276,RL,Daimokutate,Japan
00275,RL,Dainichido Bugaku,Japan
00192,RL,Doina,Romania
00225,RL,Dragon Boat festival,China
00213,RL,Farmers’ dance of China’s Korean ethnic group,China
00232,RL,Festivity of Saint Blaise the patron of Dubrovnik,Croatia
00265,RL,Gagaku,Japan
00188,RL,Ganggangsullae,Republic of Korea
00204,RL,Gesar epic tradition,China
00202,RL,Grand song of the Dong ethnic group,China
00272,RL,Hayachine Kagura,Japan
00259,RL,Holy Week processions in Popayán,Colombia
00211,RL,Hua’er,China
00194,RL,Ijele masquerade,Nigeria
00170,RL,Indonesian Batik,Indonesia
00171,RL,Irrigators’ tribunals of the Spanish Mediterranean coast: the Council of Wise Men of the plain of Murcia and the Water Tribunal of the plain of Valencia,Spain
00187,RL,Jeju Chilmeoridang Yeongdeunggut,Republic of Korea
00180,RL,Karagöz,Türkiye
00288,RL,Katta Ashula,Uzbekistan
00245,RL,Lacemaking in Croatia,Croatia
00255,RL,Lefkara laces or Lefkaritika,Cyprus
00249,RL,Maloya,France
00209,RL,Manas,China
00290,RL,Manden Charter proclaimed in Kurukan Fuga,Mali
00227,RL,Mazu belief and customs,China
00210,RL,Mongolian art of singing Khoomei,China
00184,RL,Namsadang Nori,Republic of Korea
00199,RL,Nanyin,China
00191,RL,Nestinarstvo messages from the past: the Panagyr of Saints Constantine and Helena in the village of Bulgari,Bulgaria
00266,RL,Ojiya-chijimi Echigo-jofu: techniques of making ramie fabric in Uonuma region Niigata Prefecture,Japan
00271,RL,Oku-noto no Aenokoto,Japan
00174,RL,Places of memory and living traditions of the Otomí-Chichimecas people of Tolimán: the Peña de Bernal guardian of a sacred territory,Mexico
00263,RL,Procession of the Holy Blood in Bruges,Belgium
00242,RL,Procession Za Krizen (‘following the cross’) on the island of Hvar,Croatia
00183,RL,Quan Họ Bắc Ninh folk songs,Viet Nam
00279,RL,Radif of Iranian music,Iran (Islamic Republic of)
00281,RL,Ramman religious festival and ritual theatre of the Garhwal Himalayas India,India
00207,RL,Regong arts,China
00175,RL,Ritual ceremony of the Voladores,Mexico
00251,RL,Scribing tradition in French timber framing,France
00190,RL,Septennial re-roofing ceremony of the Kamablon sacred house of Kangaba,Mali
00197,RL,Sericulture and silk craftsmanship of China,China
00173,RL,Seto Leelo Seto polyphonic singing tradition,Estonia
00235,RL,Spring procession of Ljelje/Kraljice (queens) from Gorjani,Croatia
00258,RL,Tango,Argentina
00258,RL,Tango,Uruguay
00208,RL,Tibetan opera,China
00278,RL,Traditional Ainu dance,Japan
00205,RL,Traditional firing technology of Longquan celadon,China
00201,RL,Traditional handicrafts of making Xuan paper,China
00233,RL,Traditional manufacturing of children’s wooden toys in Hrvatsko Zagorje,Croatia
00231,RL,Two-part singing and playing in the Istrian scale,Croatia
00172,RL,Whistled language of the island of La Gomera (Canary Islands) the Silbo Gomero,Spain
00212,RL,Xi’an wind and percussion ensemble,China
00186,RL,Yeongsanjae,Republic of Korea
00203,RL,Yueju opera,China
00306,BSP,Centre for traditional culture – school museum of Pusol pedagogic project,Spain
00318,BSP,Education and training in Indonesian Batik intangible cultural heritage for elementary junior senior vocational school and polytechnic students in collaboration with the Batik Museum in Pekalongan,Indonesia
00299,BSP,Safeguarding intangible cultural heritage of Aymara communities in Bolivia Chile and Peru,Bolivia (Plurinational State of)
00299,BSP,Safeguarding intangible cultural heritage of Aymara communities in Bolivia Chile and Peru,Chile
00299,BSP,Safeguarding intangible cultural heritage of Aymara communities in Bolivia Chile and Peru,Peru
00121,RL,Ahellil of Gourara,Algeria
00075,RL,Al-Sirah Al-Hilaliyyah epic,Egypt
00155,RL,Albanian folk iso-polyphony,Albania
00048,RL,Andean cosmovision of the Kallawaya,Bolivia (Plurinational State of)
00065,RL,Art of Akyns Kyrgyz epic tellers,Kyrgyzstan
00037,RL,Arts of the Meddah public storytellers,Türkiye
00039,RL,Azerbaijani Mugham,Azerbaijan
00087,RL,Baltic song and dance celebrations,Estonia
00087,RL,Baltic song and dance celebrations,Latvia
00087,RL,Baltic song and dance celebrations,Lithuania
00139,RL,Barkcloth making in Uganda,Uganda
00107,RL,Baul songs,Bangladesh
00095,RL,Bistritsa Babi archaic polyphony dances and rituals from the Shoplouk region,Bulgaria
00090,RL,Căluş ritual,Romania
00165,RL,Canto a tenore Sardinian pastoral songs,Italy
00051,RL,Carnival of Barranquilla,Colombia
00033,RL,Carnival of Binche,Belgium
00003,RL,Carnival of Oruro,Bolivia (Plurinational State of)
00133,RL,Chopi Timbila,Mozambique
00104,RL,Cocolo dance drama tradition,Dominican Republic
00013,RL,Cross-crafting and its symbolism,Lithuania
00017,RL,Cultural space and oral culture of the Semeiskie,Russian Federation
00019,RL,Cultural space of Boysun District,Uzbekistan
00014,RL,Cultural space of Jemaa el-Fna Square,Morocco
00102,RL,Cultural space of Palenque de San Basilio,Colombia
00009,RL,Cultural space of Sosso-Bala,Guinea
00122,RL,Cultural space of the Bedu in Petra and Wadi Rum,Jordan
00006,RL,Cultural space of the Brotherhood of the Holy Spirit of the Congos of Villa Mella,Dominican Republic
00132,RL,Cultural space of the Yaaral and Degal,Mali
00159,RL,Darangen epic of the Maranao people of Lake Lanao,Philippines
00092,RL,Duduk and its music,Armenia
00111,RL,El Güegüense,Nicaragua
00099,RL,Fujara and its music,Slovakia
00114,RL,Gangneung Danoje festival,Republic of Korea
00005,RL,Gbofe of Afounkaha the music of the transverse trumps of the Tagbana community,Côte d'Ivoire
00008,RL,Georgian polyphonic singing,Georgia
00142,RL,Gule Wamkulu,Malawi
00142,RL,Gule Wamkulu,Mozambique
00142,RL,Gule Wamkulu,Zambia
00061,RL,Guqin and its music,China
00015,RL,Hudhud chants of the Ifugao,Philippines
00146,RL,Ifa divination system,Nigeria
00054,RL,Indigenous festivity dedicated to the dead,Mexico
00112,RL,Indonesian Kris,Indonesia
00076,RL,Iraqi Maqam,Iraq
00163,RL,Kabuki theatre,Japan
00143,RL,Kankurang Manding initiatory rite,Gambia
00143,RL,Kankurang Manding initiatory rite,Senegal
00042,RL,Kihnu cultural space,Estonia
00004,RL,Kun Qu opera,China
00010,RL,Kutiyattam Sanskrit theatre,India
00052,RL,La Tumba Francesa,Cuba
00072,RL,Lakalaka dances and sung speeches of Tonga,Tonga
00001,RL,Language dance and music of the Garifuna,Belize
00001,RL,Language dance and music of the Garifuna,Guatemala
00001,RL,Language dance and music of the Garifuna,Honduras
00001,RL,Language dance and music of the Garifuna,Nicaragua
00167,RL,Mak Yong theatre,Malaysia
00140,RL,Makishi masquerade,Zambia
00053,RL,Maroon heritage of Moore Town,Jamaica
00161,RL,Mask dance of the drums from Drametse,Bhutan
00169,RL,Mbende Jerusarema dance,Zimbabwe
00100,RL,Mevlevi Sema ceremony,Türkiye
00168,RL,Moussem of Tan-Tan,Morocco
00018,RL,Mystery play of Elche,Spain
00074,RL,Nha Nhac Vietnamese court music,Viet Nam
00064,RL,Ningyo Johruri Bunraku puppet theatre,Japan
00012,RL,Nôgaku theatre,Japan
00145,RL,Olonkho Yakut heroic epos,Russian Federation
00011,RL,Opera dei Pupi Sicilian puppet theatre,Italy
00049,RL,Oral and graphic expressions of the Wajapi,Brazil
00007,RL,Oral heritage and cultural manifestations of the Zápara people,Ecuador
00007,RL,Oral heritage and cultural manifestations of the Zápara people,Peru
00002,RL,Oral heritage of Gelede,Benin
00002,RL,Oral heritage of Gelede,Nigeria
00002,RL,Oral heritage of Gelede,Togo
00103,RL,Oxherding and oxcart traditions in Costa Rica,Costa Rica
00124,RL,Palestinian Hikaye,State of Palestine
00070,RL,Pansori epic chant,Republic of Korea
00156,RL,Patum of Berga,Spain
00082,RL,Polyphonic singing of the Aka Pygmies of Central Africa,Central African Republic
00153,RL,Processional giants and dragons in Belgium and France,Belgium
00153,RL,Processional giants and dragons in Belgium and France,France
00144,RL,Rabinal Achí dance drama tradition,Guatemala
00110,RL,Ramlila the traditional performance of the Ramayana,India
00016,RL,Royal ancestral ritual in the Jongmyo shrine and its music,Republic of Korea
00060,RL,Royal ballet of Cambodia,Cambodia
00101,RL,Samba de Roda of the Recôncavo of Bahia,Brazil
00108,RL,Sbek Thom Khmer shadow theatre,Cambodia
00089,RL,Shashmaqom music,Uzbekistan
00089,RL,Shashmaqom music,Tajikistan
00147,RL,Slovácko Verbuňk recruit dances,Czechia
00077,RL,Song of Sana’a,Yemen
00120,RL,Space of gong culture,Viet Nam
00166,RL,Taquile and its textile art,Peru
00062,RL,Tradition of Vedic chanting,India
00068,RL,Traditional music of the Morin Khuur,Mongolia
00115,RL,Urtiin Duu traditional folk long song,China
00115,RL,Urtiin Duu traditional folk long song,Mongolia
00109,RL,Uyghur Muqam of Xinjiang,China
00073,RL,Vanuatu sand drawings,Vanuatu
00158,RL,Vimbuza healing dance,Malawi
00063,RL,Wayang puppet theatre,Indonesia
00080,RL,Woodcrafting knowledge of the Zafimaniry,Madagascar